# skull_fiend.obj -- generated from modelScript/models/SkullFiend.bbmodel
# Keep this file in sync with the source bbmodel and its embedded atlas.
mtllib skull_fiend.mtl
o skull_fiend
# part: skull_cranium_layer1_base
v 0.231250 0.375000 0.262500
v 0.768750 0.375000 0.262500
v 0.768750 0.531250 0.262500
v 0.231250 0.531250 0.262500
v 0.231250 0.375000 0.737500
v 0.768750 0.375000 0.737500
v 0.768750 0.531250 0.737500
v 0.231250 0.531250 0.737500
vt 0.000000 0.500000
vt 0.250000 0.500000
vt 0.250000 0.250000
vt 0.000000 0.250000
vn 0.000000 0.000000 1.000000
usemtl skull_fiend_atlas
f 5/1/1 6/2/1 7/3/1 8/4/1
vt 0.000000 0.500000
vt 0.250000 0.500000
vt 0.250000 0.250000
vt 0.000000 0.250000
vn 0.000000 0.000000 -1.000000
f 2/5/2 1/6/2 4/7/2 3/8/2
vt 0.000000 0.500000
vt 0.250000 0.500000
vt 0.250000 0.250000
vt 0.000000 0.250000
vn -1.000000 0.000000 0.000000
f 1/9/3 5/10/3 8/11/3 4/12/3
vt 0.000000 0.500000
vt 0.250000 0.500000
vt 0.250000 0.250000
vt 0.000000 0.250000
vn 1.000000 0.000000 0.000000
f 6/13/4 2/14/4 3/15/4 7/16/4
vt 0.000000 0.500000
vt 0.250000 0.500000
vt 0.250000 0.250000
vt 0.000000 0.250000
vn 0.000000 1.000000 0.000000
f 8/17/5 7/18/5 3/19/5 4/20/5
vt 0.000000 0.500000
vt 0.250000 0.500000
vt 0.250000 0.250000
vt 0.000000 0.250000
vn 0.000000 -1.000000 0.000000
f 1/21/6 2/22/6 6/23/6 5/24/6
# part: skull_cranium_layer2_mid
v 0.187500 0.533750 0.237500
v 0.812500 0.533750 0.237500
v 0.812500 0.700000 0.237500
v 0.187500 0.700000 0.237500
v 0.187500 0.533750 0.762500
v 0.812500 0.533750 0.762500
v 0.812500 0.700000 0.762500
v 0.187500 0.700000 0.762500
vt 0.000000 1.000000
vt 0.250000 1.000000
vt 0.250000 0.750000
vt 0.000000 0.750000
vn 0.000000 0.000000 1.000000
usemtl skull_fiend_atlas
f 13/25/7 14/26/7 15/27/7 16/28/7
vt 0.000000 1.000000
vt 0.250000 1.000000
vt 0.250000 0.750000
vt 0.000000 0.750000
vn 0.000000 0.000000 -1.000000
f 10/29/8 9/30/8 12/31/8 11/32/8
vt 0.000000 1.000000
vt 0.250000 1.000000
vt 0.250000 0.750000
vt 0.000000 0.750000
vn -1.000000 0.000000 0.000000
f 9/33/9 13/34/9 16/35/9 12/36/9
vt 0.000000 1.000000
vt 0.250000 1.000000
vt 0.250000 0.750000
vt 0.000000 0.750000
vn 1.000000 0.000000 0.000000
f 14/37/10 10/38/10 11/39/10 15/40/10
vt 0.000000 1.000000
vt 0.250000 1.000000
vt 0.250000 0.750000
vt 0.000000 0.750000
vn 0.000000 1.000000 0.000000
f 16/41/11 15/42/11 11/43/11 12/44/11
vt 0.000000 1.000000
vt 0.250000 1.000000
vt 0.250000 0.750000
vt 0.000000 0.750000
vn 0.000000 -1.000000 0.000000
f 9/45/12 10/46/12 14/47/12 13/48/12
# part: skull_cranium_layer3_upper
v 0.231250 0.702500 0.275000
v 0.768750 0.702500 0.275000
v 0.768750 0.800000 0.275000
v 0.231250 0.800000 0.275000
v 0.231250 0.702500 0.725000
v 0.768750 0.702500 0.725000
v 0.768750 0.800000 0.725000
v 0.231250 0.800000 0.725000
vt 0.000000 0.500000
vt 0.250000 0.500000
vt 0.250000 0.250000
vt 0.000000 0.250000
vn 0.000000 0.000000 1.000000
usemtl skull_fiend_atlas
f 21/49/13 22/50/13 23/51/13 24/52/13
vt 0.000000 0.500000
vt 0.250000 0.500000
vt 0.250000 0.250000
vt 0.000000 0.250000
vn 0.000000 0.000000 -1.000000
f 18/53/14 17/54/14 20/55/14 19/56/14
vt 0.000000 0.500000
vt 0.250000 0.500000
vt 0.250000 0.250000
vt 0.000000 0.250000
vn -1.000000 0.000000 0.000000
f 17/57/15 21/58/15 24/59/15 20/60/15
vt 0.000000 0.500000
vt 0.250000 0.500000
vt 0.250000 0.250000
vt 0.000000 0.250000
vn 1.000000 0.000000 0.000000
f 22/61/16 18/62/16 19/63/16 23/64/16
vt 0.000000 0.500000
vt 0.250000 0.500000
vt 0.250000 0.250000
vt 0.000000 0.250000
vn 0.000000 1.000000 0.000000
f 24/65/17 23/66/17 19/67/17 20/68/17
vt 0.000000 0.500000
vt 0.250000 0.500000
vt 0.250000 0.250000
vt 0.000000 0.250000
vn 0.000000 -1.000000 0.000000
f 17/69/18 18/70/18 22/71/18 21/72/18
# part: skull_cranium_layer4_dome
v 0.300000 0.802500 0.325000
v 0.700000 0.802500 0.325000
v 0.700000 0.862500 0.325000
v 0.300000 0.862500 0.325000
v 0.300000 0.802500 0.675000
v 0.700000 0.802500 0.675000
v 0.700000 0.862500 0.675000
v 0.300000 0.862500 0.675000
vt 0.000000 1.000000
vt 0.250000 1.000000
vt 0.250000 0.750000
vt 0.000000 0.750000
vn 0.000000 0.000000 1.000000
usemtl skull_fiend_atlas
f 29/73/19 30/74/19 31/75/19 32/76/19
vt 0.000000 1.000000
vt 0.250000 1.000000
vt 0.250000 0.750000
vt 0.000000 0.750000
vn 0.000000 0.000000 -1.000000
f 26/77/20 25/78/20 28/79/20 27/80/20
vt 0.000000 1.000000
vt 0.250000 1.000000
vt 0.250000 0.750000
vt 0.000000 0.750000
vn -1.000000 0.000000 0.000000
f 25/81/21 29/82/21 32/83/21 28/84/21
vt 0.000000 1.000000
vt 0.250000 1.000000
vt 0.250000 0.750000
vt 0.000000 0.750000
vn 1.000000 0.000000 0.000000
f 30/85/22 26/86/22 27/87/22 31/88/22
vt 0.000000 1.000000
vt 0.250000 1.000000
vt 0.250000 0.750000
vt 0.000000 0.750000
vn 0.000000 1.000000 0.000000
f 32/89/23 31/90/23 27/91/23 28/92/23
vt 0.000000 1.000000
vt 0.250000 1.000000
vt 0.250000 0.750000
vt 0.000000 0.750000
vn 0.000000 -1.000000 0.000000
f 25/93/24 26/94/24 30/95/24 29/96/24
# part: skull_cranium_layer5_cap
v 0.387500 0.865000 0.387500
v 0.612500 0.865000 0.387500
v 0.612500 0.900000 0.387500
v 0.387500 0.900000 0.387500
v 0.387500 0.865000 0.612500
v 0.612500 0.865000 0.612500
v 0.612500 0.900000 0.612500
v 0.387500 0.900000 0.612500
vt 0.000000 1.000000
vt 0.250000 1.000000
vt 0.250000 0.750000
vt 0.000000 0.750000
vn 0.000000 0.000000 1.000000
usemtl skull_fiend_atlas
f 37/97/25 38/98/25 39/99/25 40/100/25
vt 0.000000 1.000000
vt 0.250000 1.000000
vt 0.250000 0.750000
vt 0.000000 0.750000
vn 0.000000 0.000000 -1.000000
f 34/101/26 33/102/26 36/103/26 35/104/26
vt 0.000000 1.000000
vt 0.250000 1.000000
vt 0.250000 0.750000
vt 0.000000 0.750000
vn -1.000000 0.000000 0.000000
f 33/105/27 37/106/27 40/107/27 36/108/27
vt 0.000000 1.000000
vt 0.250000 1.000000
vt 0.250000 0.750000
vt 0.000000 0.750000
vn 1.000000 0.000000 0.000000
f 38/109/28 34/110/28 35/111/28 39/112/28
vt 0.000000 1.000000
vt 0.250000 1.000000
vt 0.250000 0.750000
vt 0.000000 0.750000
vn 0.000000 1.000000 0.000000
f 40/113/29 39/114/29 35/115/29 36/116/29
vt 0.000000 1.000000
vt 0.250000 1.000000
vt 0.250000 0.750000
vt 0.000000 0.750000
vn 0.000000 -1.000000 0.000000
f 33/117/30 34/118/30 38/119/30 37/120/30
# part: skull_forehead_brow
v 0.212500 0.737500 0.765000
v 0.787500 0.737500 0.765000
v 0.787500 0.812500 0.765000
v 0.212500 0.812500 0.765000
v 0.212500 0.737500 0.900000
v 0.787500 0.737500 0.900000
v 0.787500 0.812500 0.900000
v 0.212500 0.812500 0.900000
vt 0.000000 0.500000
vt 0.250000 0.500000
vt 0.250000 0.250000
vt 0.000000 0.250000
vn 0.000000 0.000000 1.000000
usemtl skull_fiend_atlas
f 45/121/31 46/122/31 47/123/31 48/124/31
vt 0.000000 0.500000
vt 0.250000 0.500000
vt 0.250000 0.250000
vt 0.000000 0.250000
vn 0.000000 0.000000 -1.000000
f 42/125/32 41/126/32 44/127/32 43/128/32
vt 0.000000 0.500000
vt 0.250000 0.500000
vt 0.250000 0.250000
vt 0.000000 0.250000
vn -1.000000 0.000000 0.000000
f 41/129/33 45/130/33 48/131/33 44/132/33
vt 0.000000 0.500000
vt 0.250000 0.500000
vt 0.250000 0.250000
vt 0.000000 0.250000
vn 1.000000 0.000000 0.000000
f 46/133/34 42/134/34 43/135/34 47/136/34
vt 0.000000 0.500000
vt 0.250000 0.500000
vt 0.250000 0.250000
vt 0.000000 0.250000
vn 0.000000 1.000000 0.000000
f 48/137/35 47/138/35 43/139/35 44/140/35
vt 0.000000 0.500000
vt 0.250000 0.500000
vt 0.250000 0.250000
vt 0.000000 0.250000
vn 0.000000 -1.000000 0.000000
f 41/141/36 42/142/36 46/143/36 45/144/36
# part: skull_orbit_flank_l
v 0.212500 0.550000 0.765000
v 0.287500 0.550000 0.765000
v 0.287500 0.735000 0.765000
v 0.212500 0.735000 0.765000
v 0.212500 0.550000 0.900000
v 0.287500 0.550000 0.900000
v 0.287500 0.735000 0.900000
v 0.212500 0.735000 0.900000
vt 0.000000 1.000000
vt 0.250000 1.000000
vt 0.250000 0.750000
vt 0.000000 0.750000
vn 0.000000 0.000000 1.000000
usemtl skull_fiend_atlas
f 53/145/37 54/146/37 55/147/37 56/148/37
vt 0.000000 1.000000
vt 0.250000 1.000000
vt 0.250000 0.750000
vt 0.000000 0.750000
vn 0.000000 0.000000 -1.000000
f 50/149/38 49/150/38 52/151/38 51/152/38
vt 0.000000 1.000000
vt 0.250000 1.000000
vt 0.250000 0.750000
vt 0.000000 0.750000
vn -1.000000 0.000000 0.000000
f 49/153/39 53/154/39 56/155/39 52/156/39
vt 0.000000 1.000000
vt 0.250000 1.000000
vt 0.250000 0.750000
vt 0.000000 0.750000
vn 1.000000 0.000000 0.000000
f 54/157/40 50/158/40 51/159/40 55/160/40
vt 0.000000 1.000000
vt 0.250000 1.000000
vt 0.250000 0.750000
vt 0.000000 0.750000
vn 0.000000 1.000000 0.000000
f 56/161/41 55/162/41 51/163/41 52/164/41
vt 0.000000 1.000000
vt 0.250000 1.000000
vt 0.250000 0.750000
vt 0.000000 0.750000
vn 0.000000 -1.000000 0.000000
f 49/165/42 50/166/42 54/167/42 53/168/42
# part: skull_orbit_flank_r
v 0.712500 0.550000 0.765000
v 0.787500 0.550000 0.765000
v 0.787500 0.735000 0.765000
v 0.712500 0.735000 0.765000
v 0.712500 0.550000 0.900000
v 0.787500 0.550000 0.900000
v 0.787500 0.735000 0.900000
v 0.712500 0.735000 0.900000
vt 0.000000 1.000000
vt 0.250000 1.000000
vt 0.250000 0.750000
vt 0.000000 0.750000
vn 0.000000 0.000000 1.000000
usemtl skull_fiend_atlas
f 61/169/43 62/170/43 63/171/43 64/172/43
vt 0.000000 1.000000
vt 0.250000 1.000000
vt 0.250000 0.750000
vt 0.000000 0.750000
vn 0.000000 0.000000 -1.000000
f 58/173/44 57/174/44 60/175/44 59/176/44
vt 0.000000 1.000000
vt 0.250000 1.000000
vt 0.250000 0.750000
vt 0.000000 0.750000
vn -1.000000 0.000000 0.000000
f 57/177/45 61/178/45 64/179/45 60/180/45
vt 0.000000 1.000000
vt 0.250000 1.000000
vt 0.250000 0.750000
vt 0.000000 0.750000
vn 1.000000 0.000000 0.000000
f 62/181/46 58/182/46 59/183/46 63/184/46
vt 0.000000 1.000000
vt 0.250000 1.000000
vt 0.250000 0.750000
vt 0.000000 0.750000
vn 0.000000 1.000000 0.000000
f 64/185/47 63/186/47 59/187/47 60/188/47
vt 0.000000 1.000000
vt 0.250000 1.000000
vt 0.250000 0.750000
vt 0.000000 0.750000
vn 0.000000 -1.000000 0.000000
f 57/189/48 58/190/48 62/191/48 61/192/48
# part: skull_orbit_septum_slim
v 0.475000 0.550000 0.765000
v 0.525000 0.550000 0.765000
v 0.525000 0.735000 0.765000
v 0.475000 0.735000 0.765000
v 0.475000 0.550000 0.887500
v 0.525000 0.550000 0.887500
v 0.525000 0.735000 0.887500
v 0.475000 0.735000 0.887500
vt 0.000000 1.000000
vt 0.250000 1.000000
vt 0.250000 0.750000
vt 0.000000 0.750000
vn 0.000000 0.000000 1.000000
usemtl skull_fiend_atlas
f 69/193/49 70/194/49 71/195/49 72/196/49
vt 0.000000 1.000000
vt 0.250000 1.000000
vt 0.250000 0.750000
vt 0.000000 0.750000
vn 0.000000 0.000000 -1.000000
f 66/197/50 65/198/50 68/199/50 67/200/50
vt 0.000000 1.000000
vt 0.250000 1.000000
vt 0.250000 0.750000
vt 0.000000 0.750000
vn -1.000000 0.000000 0.000000
f 65/201/51 69/202/51 72/203/51 68/204/51
vt 0.000000 1.000000
vt 0.250000 1.000000
vt 0.250000 0.750000
vt 0.000000 0.750000
vn 1.000000 0.000000 0.000000
f 70/205/52 66/206/52 67/207/52 71/208/52
vt 0.000000 1.000000
vt 0.250000 1.000000
vt 0.250000 0.750000
vt 0.000000 0.750000
vn 0.000000 1.000000 0.000000
f 72/209/53 71/210/53 67/211/53 68/212/53
vt 0.000000 1.000000
vt 0.250000 1.000000
vt 0.250000 0.750000
vt 0.000000 0.750000
vn 0.000000 -1.000000 0.000000
f 65/213/54 66/214/54 70/215/54 69/216/54
# part: skull_orbit_bottom_rim_l
v 0.287500 0.525000 0.765000
v 0.475000 0.525000 0.765000
v 0.475000 0.550000 0.765000
v 0.287500 0.550000 0.765000
v 0.287500 0.525000 0.887500
v 0.475000 0.525000 0.887500
v 0.475000 0.550000 0.887500
v 0.287500 0.550000 0.887500
vt 0.000000 0.500000
vt 0.250000 0.500000
vt 0.250000 0.250000
vt 0.000000 0.250000
vn 0.000000 0.000000 1.000000
usemtl skull_fiend_atlas
f 77/217/55 78/218/55 79/219/55 80/220/55
vt 0.000000 0.500000
vt 0.250000 0.500000
vt 0.250000 0.250000
vt 0.000000 0.250000
vn 0.000000 0.000000 -1.000000
f 74/221/56 73/222/56 76/223/56 75/224/56
vt 0.000000 0.500000
vt 0.250000 0.500000
vt 0.250000 0.250000
vt 0.000000 0.250000
vn -1.000000 0.000000 0.000000
f 73/225/57 77/226/57 80/227/57 76/228/57
vt 0.000000 0.500000
vt 0.250000 0.500000
vt 0.250000 0.250000
vt 0.000000 0.250000
vn 1.000000 0.000000 0.000000
f 78/229/58 74/230/58 75/231/58 79/232/58
vt 0.000000 0.500000
vt 0.250000 0.500000
vt 0.250000 0.250000
vt 0.000000 0.250000
vn 0.000000 1.000000 0.000000
f 80/233/59 79/234/59 75/235/59 76/236/59
vt 0.000000 0.500000
vt 0.250000 0.500000
vt 0.250000 0.250000
vt 0.000000 0.250000
vn 0.000000 -1.000000 0.000000
f 73/237/60 74/238/60 78/239/60 77/240/60
# part: skull_orbit_bottom_rim_r
v 0.525000 0.525000 0.765000
v 0.712500 0.525000 0.765000
v 0.712500 0.550000 0.765000
v 0.525000 0.550000 0.765000
v 0.525000 0.525000 0.887500
v 0.712500 0.525000 0.887500
v 0.712500 0.550000 0.887500
v 0.525000 0.550000 0.887500
vt 0.000000 0.500000
vt 0.250000 0.500000
vt 0.250000 0.250000
vt 0.000000 0.250000
vn 0.000000 0.000000 1.000000
usemtl skull_fiend_atlas
f 85/241/61 86/242/61 87/243/61 88/244/61
vt 0.000000 0.500000
vt 0.250000 0.500000
vt 0.250000 0.250000
vt 0.000000 0.250000
vn 0.000000 0.000000 -1.000000
f 82/245/62 81/246/62 84/247/62 83/248/62
vt 0.000000 0.500000
vt 0.250000 0.500000
vt 0.250000 0.250000
vt 0.000000 0.250000
vn -1.000000 0.000000 0.000000
f 81/249/63 85/250/63 88/251/63 84/252/63
vt 0.000000 0.500000
vt 0.250000 0.500000
vt 0.250000 0.250000
vt 0.000000 0.250000
vn 1.000000 0.000000 0.000000
f 86/253/64 82/254/64 83/255/64 87/256/64
vt 0.000000 0.500000
vt 0.250000 0.500000
vt 0.250000 0.250000
vt 0.000000 0.250000
vn 0.000000 1.000000 0.000000
f 88/257/65 87/258/65 83/259/65 84/260/65
vt 0.000000 0.500000
vt 0.250000 0.500000
vt 0.250000 0.250000
vt 0.000000 0.250000
vn 0.000000 -1.000000 0.000000
f 81/261/66 82/262/66 86/263/66 85/264/66
# part: skull_orbit_black_cavity_l
v 0.287500 0.550000 0.762500
v 0.475000 0.550000 0.762500
v 0.475000 0.735000 0.762500
v 0.287500 0.735000 0.762500
v 0.287500 0.550000 0.775000
v 0.475000 0.550000 0.775000
v 0.475000 0.735000 0.775000
v 0.287500 0.735000 0.775000
vt 0.250000 0.500000
vt 0.500000 0.500000
vt 0.500000 0.250000
vt 0.250000 0.250000
vn 0.000000 0.000000 1.000000
usemtl skull_fiend_atlas
f 93/265/67 94/266/67 95/267/67 96/268/67
vt 0.250000 0.500000
vt 0.500000 0.500000
vt 0.500000 0.250000
vt 0.250000 0.250000
vn 0.000000 0.000000 -1.000000
f 90/269/68 89/270/68 92/271/68 91/272/68
vt 0.250000 0.500000
vt 0.500000 0.500000
vt 0.500000 0.250000
vt 0.250000 0.250000
vn -1.000000 0.000000 0.000000
f 89/273/69 93/274/69 96/275/69 92/276/69
vt 0.250000 0.500000
vt 0.500000 0.500000
vt 0.500000 0.250000
vt 0.250000 0.250000
vn 1.000000 0.000000 0.000000
f 94/277/70 90/278/70 91/279/70 95/280/70
vt 0.250000 0.500000
vt 0.500000 0.500000
vt 0.500000 0.250000
vt 0.250000 0.250000
vn 0.000000 1.000000 0.000000
f 96/281/71 95/282/71 91/283/71 92/284/71
vt 0.250000 0.500000
vt 0.500000 0.500000
vt 0.500000 0.250000
vt 0.250000 0.250000
vn 0.000000 -1.000000 0.000000
f 89/285/72 90/286/72 94/287/72 93/288/72
# part: skull_orbit_black_cavity_r
v 0.525000 0.550000 0.762500
v 0.712500 0.550000 0.762500
v 0.712500 0.735000 0.762500
v 0.525000 0.735000 0.762500
v 0.525000 0.550000 0.775000
v 0.712500 0.550000 0.775000
v 0.712500 0.735000 0.775000
v 0.525000 0.735000 0.775000
vt 0.250000 0.500000
vt 0.500000 0.500000
vt 0.500000 0.250000
vt 0.250000 0.250000
vn 0.000000 0.000000 1.000000
usemtl skull_fiend_atlas
f 101/289/73 102/290/73 103/291/73 104/292/73
vt 0.250000 0.500000
vt 0.500000 0.500000
vt 0.500000 0.250000
vt 0.250000 0.250000
vn 0.000000 0.000000 -1.000000
f 98/293/74 97/294/74 100/295/74 99/296/74
vt 0.250000 0.500000
vt 0.500000 0.500000
vt 0.500000 0.250000
vt 0.250000 0.250000
vn -1.000000 0.000000 0.000000
f 97/297/75 101/298/75 104/299/75 100/300/75
vt 0.250000 0.500000
vt 0.500000 0.500000
vt 0.500000 0.250000
vt 0.250000 0.250000
vn 1.000000 0.000000 0.000000
f 102/301/76 98/302/76 99/303/76 103/304/76
vt 0.250000 0.500000
vt 0.500000 0.500000
vt 0.500000 0.250000
vt 0.250000 0.250000
vn 0.000000 1.000000 0.000000
f 104/305/77 103/306/77 99/307/77 100/308/77
vt 0.250000 0.500000
vt 0.500000 0.500000
vt 0.500000 0.250000
vt 0.250000 0.250000
vn 0.000000 -1.000000 0.000000
f 97/309/78 98/310/78 102/311/78 101/312/78
# part: skull_nasal_tri_upper
v 0.462500 0.462500 0.765000
v 0.537500 0.462500 0.765000
v 0.537500 0.525000 0.765000
v 0.462500 0.525000 0.765000
v 0.462500 0.462500 0.781250
v 0.537500 0.462500 0.781250
v 0.537500 0.525000 0.781250
v 0.462500 0.525000 0.781250
vt 0.250000 0.500000
vt 0.500000 0.500000
vt 0.500000 0.250000
vt 0.250000 0.250000
vn 0.000000 0.000000 1.000000
usemtl skull_fiend_atlas
f 109/313/79 110/314/79 111/315/79 112/316/79
vt 0.250000 0.500000
vt 0.500000 0.500000
vt 0.500000 0.250000
vt 0.250000 0.250000
vn 0.000000 0.000000 -1.000000
f 106/317/80 105/318/80 108/319/80 107/320/80
vt 0.250000 0.500000
vt 0.500000 0.500000
vt 0.500000 0.250000
vt 0.250000 0.250000
vn -1.000000 0.000000 0.000000
f 105/321/81 109/322/81 112/323/81 108/324/81
vt 0.250000 0.500000
vt 0.500000 0.500000
vt 0.500000 0.250000
vt 0.250000 0.250000
vn 1.000000 0.000000 0.000000
f 110/325/82 106/326/82 107/327/82 111/328/82
vt 0.250000 0.500000
vt 0.500000 0.500000
vt 0.500000 0.250000
vt 0.250000 0.250000
vn 0.000000 1.000000 0.000000
f 112/329/83 111/330/83 107/331/83 108/332/83
vt 0.250000 0.500000
vt 0.500000 0.500000
vt 0.500000 0.250000
vt 0.250000 0.250000
vn 0.000000 -1.000000 0.000000
f 105/333/84 106/334/84 110/335/84 109/336/84
# part: skull_nasal_tri_lower
v 0.481250 0.412500 0.765000
v 0.518750 0.412500 0.765000
v 0.518750 0.460000 0.765000
v 0.481250 0.460000 0.765000
v 0.481250 0.412500 0.781250
v 0.518750 0.412500 0.781250
v 0.518750 0.460000 0.781250
v 0.481250 0.460000 0.781250
vt 0.250000 0.500000
vt 0.500000 0.500000
vt 0.500000 0.250000
vt 0.250000 0.250000
vn 0.000000 0.000000 1.000000
usemtl skull_fiend_atlas
f 117/337/85 118/338/85 119/339/85 120/340/85
vt 0.250000 0.500000
vt 0.500000 0.500000
vt 0.500000 0.250000
vt 0.250000 0.250000
vn 0.000000 0.000000 -1.000000
f 114/341/86 113/342/86 116/343/86 115/344/86
vt 0.250000 0.500000
vt 0.500000 0.500000
vt 0.500000 0.250000
vt 0.250000 0.250000
vn -1.000000 0.000000 0.000000
f 113/345/87 117/346/87 120/347/87 116/348/87
vt 0.250000 0.500000
vt 0.500000 0.500000
vt 0.500000 0.250000
vt 0.250000 0.250000
vn 1.000000 0.000000 0.000000
f 118/349/88 114/350/88 115/351/88 119/352/88
vt 0.250000 0.500000
vt 0.500000 0.500000
vt 0.500000 0.250000
vt 0.250000 0.250000
vn 0.000000 1.000000 0.000000
f 120/353/89 119/354/89 115/355/89 116/356/89
vt 0.250000 0.500000
vt 0.500000 0.500000
vt 0.500000 0.250000
vt 0.250000 0.250000
vn 0.000000 -1.000000 0.000000
f 113/357/90 114/358/90 118/359/90 117/360/90
# part: skull_maxilla_cheek_l
v 0.287500 0.400000 0.765000
v 0.460000 0.400000 0.765000
v 0.460000 0.525000 0.765000
v 0.287500 0.525000 0.765000
v 0.287500 0.400000 0.887500
v 0.460000 0.400000 0.887500
v 0.460000 0.525000 0.887500
v 0.287500 0.525000 0.887500
vt 0.000000 0.500000
vt 0.250000 0.500000
vt 0.250000 0.250000
vt 0.000000 0.250000
vn 0.000000 0.000000 1.000000
usemtl skull_fiend_atlas
f 125/361/91 126/362/91 127/363/91 128/364/91
vt 0.000000 0.500000
vt 0.250000 0.500000
vt 0.250000 0.250000
vt 0.000000 0.250000
vn 0.000000 0.000000 -1.000000
f 122/365/92 121/366/92 124/367/92 123/368/92
vt 0.000000 0.500000
vt 0.250000 0.500000
vt 0.250000 0.250000
vt 0.000000 0.250000
vn -1.000000 0.000000 0.000000
f 121/369/93 125/370/93 128/371/93 124/372/93
vt 0.000000 0.500000
vt 0.250000 0.500000
vt 0.250000 0.250000
vt 0.000000 0.250000
vn 1.000000 0.000000 0.000000
f 126/373/94 122/374/94 123/375/94 127/376/94
vt 0.000000 0.500000
vt 0.250000 0.500000
vt 0.250000 0.250000
vt 0.000000 0.250000
vn 0.000000 1.000000 0.000000
f 128/377/95 127/378/95 123/379/95 124/380/95
vt 0.000000 0.500000
vt 0.250000 0.500000
vt 0.250000 0.250000
vt 0.000000 0.250000
vn 0.000000 -1.000000 0.000000
f 121/381/96 122/382/96 126/383/96 125/384/96
# part: skull_maxilla_cheek_r
v 0.540000 0.400000 0.765000
v 0.712500 0.400000 0.765000
v 0.712500 0.525000 0.765000
v 0.540000 0.525000 0.765000
v 0.540000 0.400000 0.887500
v 0.712500 0.400000 0.887500
v 0.712500 0.525000 0.887500
v 0.540000 0.525000 0.887500
vt 0.000000 0.500000
vt 0.250000 0.500000
vt 0.250000 0.250000
vt 0.000000 0.250000
vn 0.000000 0.000000 1.000000
usemtl skull_fiend_atlas
f 133/385/97 134/386/97 135/387/97 136/388/97
vt 0.000000 0.500000
vt 0.250000 0.500000
vt 0.250000 0.250000
vt 0.000000 0.250000
vn 0.000000 0.000000 -1.000000
f 130/389/98 129/390/98 132/391/98 131/392/98
vt 0.000000 0.500000
vt 0.250000 0.500000
vt 0.250000 0.250000
vt 0.000000 0.250000
vn -1.000000 0.000000 0.000000
f 129/393/99 133/394/99 136/395/99 132/396/99
vt 0.000000 0.500000
vt 0.250000 0.500000
vt 0.250000 0.250000
vt 0.000000 0.250000
vn 1.000000 0.000000 0.000000
f 134/397/100 130/398/100 131/399/100 135/400/100
vt 0.000000 0.500000
vt 0.250000 0.500000
vt 0.250000 0.250000
vt 0.000000 0.250000
vn 0.000000 1.000000 0.000000
f 136/401/101 135/402/101 131/403/101 132/404/101
vt 0.000000 0.500000
vt 0.250000 0.500000
vt 0.250000 0.250000
vt 0.000000 0.250000
vn 0.000000 -1.000000 0.000000
f 129/405/102 130/406/102 134/407/102 133/408/102
# part: skull_upper_tooth_0
v 0.309375 0.325000 0.812500
v 0.365625 0.325000 0.812500
v 0.365625 0.397500 0.812500
v 0.309375 0.397500 0.812500
v 0.309375 0.325000 0.887500
v 0.365625 0.325000 0.887500
v 0.365625 0.397500 0.887500
v 0.309375 0.397500 0.887500
vt 0.750000 0.500000
vt 1.000000 0.500000
vt 1.000000 0.250000
vt 0.750000 0.250000
vn 0.000000 0.000000 1.000000
usemtl skull_fiend_atlas
f 141/409/103 142/410/103 143/411/103 144/412/103
vt 0.750000 0.500000
vt 1.000000 0.500000
vt 1.000000 0.250000
vt 0.750000 0.250000
vn 0.000000 0.000000 -1.000000
f 138/413/104 137/414/104 140/415/104 139/416/104
vt 0.750000 0.500000
vt 1.000000 0.500000
vt 1.000000 0.250000
vt 0.750000 0.250000
vn -1.000000 0.000000 0.000000
f 137/417/105 141/418/105 144/419/105 140/420/105
vt 0.750000 0.500000
vt 1.000000 0.500000
vt 1.000000 0.250000
vt 0.750000 0.250000
vn 1.000000 0.000000 0.000000
f 142/421/106 138/422/106 139/423/106 143/424/106
vt 0.750000 0.500000
vt 1.000000 0.500000
vt 1.000000 0.250000
vt 0.750000 0.250000
vn 0.000000 1.000000 0.000000
f 144/425/107 143/426/107 139/427/107 140/428/107
vt 0.750000 0.500000
vt 1.000000 0.500000
vt 1.000000 0.250000
vt 0.750000 0.250000
vn 0.000000 -1.000000 0.000000
f 137/429/108 138/430/108 142/431/108 141/432/108
# part: skull_upper_tooth_1
v 0.390625 0.325000 0.812500
v 0.446875 0.325000 0.812500
v 0.446875 0.397500 0.812500
v 0.390625 0.397500 0.812500
v 0.390625 0.325000 0.887500
v 0.446875 0.325000 0.887500
v 0.446875 0.397500 0.887500
v 0.390625 0.397500 0.887500
vt 0.750000 0.500000
vt 1.000000 0.500000
vt 1.000000 0.250000
vt 0.750000 0.250000
vn 0.000000 0.000000 1.000000
usemtl skull_fiend_atlas
f 149/433/109 150/434/109 151/435/109 152/436/109
vt 0.750000 0.500000
vt 1.000000 0.500000
vt 1.000000 0.250000
vt 0.750000 0.250000
vn 0.000000 0.000000 -1.000000
f 146/437/110 145/438/110 148/439/110 147/440/110
vt 0.750000 0.500000
vt 1.000000 0.500000
vt 1.000000 0.250000
vt 0.750000 0.250000
vn -1.000000 0.000000 0.000000
f 145/441/111 149/442/111 152/443/111 148/444/111
vt 0.750000 0.500000
vt 1.000000 0.500000
vt 1.000000 0.250000
vt 0.750000 0.250000
vn 1.000000 0.000000 0.000000
f 150/445/112 146/446/112 147/447/112 151/448/112
vt 0.750000 0.500000
vt 1.000000 0.500000
vt 1.000000 0.250000
vt 0.750000 0.250000
vn 0.000000 1.000000 0.000000
f 152/449/113 151/450/113 147/451/113 148/452/113
vt 0.750000 0.500000
vt 1.000000 0.500000
vt 1.000000 0.250000
vt 0.750000 0.250000
vn 0.000000 -1.000000 0.000000
f 145/453/114 146/454/114 150/455/114 149/456/114
# part: skull_upper_tooth_2
v 0.471875 0.325000 0.812500
v 0.528125 0.325000 0.812500
v 0.528125 0.397500 0.812500
v 0.471875 0.397500 0.812500
v 0.471875 0.325000 0.887500
v 0.528125 0.325000 0.887500
v 0.528125 0.397500 0.887500
v 0.471875 0.397500 0.887500
vt 0.750000 0.500000
vt 1.000000 0.500000
vt 1.000000 0.250000
vt 0.750000 0.250000
vn 0.000000 0.000000 1.000000
usemtl skull_fiend_atlas
f 157/457/115 158/458/115 159/459/115 160/460/115
vt 0.750000 0.500000
vt 1.000000 0.500000
vt 1.000000 0.250000
vt 0.750000 0.250000
vn 0.000000 0.000000 -1.000000
f 154/461/116 153/462/116 156/463/116 155/464/116
vt 0.750000 0.500000
vt 1.000000 0.500000
vt 1.000000 0.250000
vt 0.750000 0.250000
vn -1.000000 0.000000 0.000000
f 153/465/117 157/466/117 160/467/117 156/468/117
vt 0.750000 0.500000
vt 1.000000 0.500000
vt 1.000000 0.250000
vt 0.750000 0.250000
vn 1.000000 0.000000 0.000000
f 158/469/118 154/470/118 155/471/118 159/472/118
vt 0.750000 0.500000
vt 1.000000 0.500000
vt 1.000000 0.250000
vt 0.750000 0.250000
vn 0.000000 1.000000 0.000000
f 160/473/119 159/474/119 155/475/119 156/476/119
vt 0.750000 0.500000
vt 1.000000 0.500000
vt 1.000000 0.250000
vt 0.750000 0.250000
vn 0.000000 -1.000000 0.000000
f 153/477/120 154/478/120 158/479/120 157/480/120
# part: skull_upper_tooth_3
v 0.553125 0.325000 0.812500
v 0.609375 0.325000 0.812500
v 0.609375 0.397500 0.812500
v 0.553125 0.397500 0.812500
v 0.553125 0.325000 0.887500
v 0.609375 0.325000 0.887500
v 0.609375 0.397500 0.887500
v 0.553125 0.397500 0.887500
vt 0.750000 0.500000
vt 1.000000 0.500000
vt 1.000000 0.250000
vt 0.750000 0.250000
vn 0.000000 0.000000 1.000000
usemtl skull_fiend_atlas
f 165/481/121 166/482/121 167/483/121 168/484/121
vt 0.750000 0.500000
vt 1.000000 0.500000
vt 1.000000 0.250000
vt 0.750000 0.250000
vn 0.000000 0.000000 -1.000000
f 162/485/122 161/486/122 164/487/122 163/488/122
vt 0.750000 0.500000
vt 1.000000 0.500000
vt 1.000000 0.250000
vt 0.750000 0.250000
vn -1.000000 0.000000 0.000000
f 161/489/123 165/490/123 168/491/123 164/492/123
vt 0.750000 0.500000
vt 1.000000 0.500000
vt 1.000000 0.250000
vt 0.750000 0.250000
vn 1.000000 0.000000 0.000000
f 166/493/124 162/494/124 163/495/124 167/496/124
vt 0.750000 0.500000
vt 1.000000 0.500000
vt 1.000000 0.250000
vt 0.750000 0.250000
vn 0.000000 1.000000 0.000000
f 168/497/125 167/498/125 163/499/125 164/500/125
vt 0.750000 0.500000
vt 1.000000 0.500000
vt 1.000000 0.250000
vt 0.750000 0.250000
vn 0.000000 -1.000000 0.000000
f 161/501/126 162/502/126 166/503/126 165/504/126
# part: skull_upper_tooth_4
v 0.634375 0.325000 0.812500
v 0.690625 0.325000 0.812500
v 0.690625 0.397500 0.812500
v 0.634375 0.397500 0.812500
v 0.634375 0.325000 0.887500
v 0.690625 0.325000 0.887500
v 0.690625 0.397500 0.887500
v 0.634375 0.397500 0.887500
vt 0.750000 0.500000
vt 1.000000 0.500000
vt 1.000000 0.250000
vt 0.750000 0.250000
vn 0.000000 0.000000 1.000000
usemtl skull_fiend_atlas
f 173/505/127 174/506/127 175/507/127 176/508/127
vt 0.750000 0.500000
vt 1.000000 0.500000
vt 1.000000 0.250000
vt 0.750000 0.250000
vn 0.000000 0.000000 -1.000000
f 170/509/128 169/510/128 172/511/128 171/512/128
vt 0.750000 0.500000
vt 1.000000 0.500000
vt 1.000000 0.250000
vt 0.750000 0.250000
vn -1.000000 0.000000 0.000000
f 169/513/129 173/514/129 176/515/129 172/516/129
vt 0.750000 0.500000
vt 1.000000 0.500000
vt 1.000000 0.250000
vt 0.750000 0.250000
vn 1.000000 0.000000 0.000000
f 174/517/130 170/518/130 171/519/130 175/520/130
vt 0.750000 0.500000
vt 1.000000 0.500000
vt 1.000000 0.250000
vt 0.750000 0.250000
vn 0.000000 1.000000 0.000000
f 176/521/131 175/522/131 171/523/131 172/524/131
vt 0.750000 0.500000
vt 1.000000 0.500000
vt 1.000000 0.250000
vt 0.750000 0.250000
vn 0.000000 -1.000000 0.000000
f 169/525/132 170/526/132 174/527/132 173/528/132
# part: eye_fire_spark_l
v 0.343750 0.605000 0.776250
v 0.418750 0.605000 0.776250
v 0.418750 0.680000 0.776250
v 0.343750 0.680000 0.776250
v 0.343750 0.605000 0.806250
v 0.418750 0.605000 0.806250
v 0.418750 0.680000 0.806250
v 0.343750 0.680000 0.806250
vt 0.500000 0.500000
vt 0.750000 0.500000
vt 0.750000 0.250000
vt 0.500000 0.250000
vn 0.000000 0.000000 1.000000
usemtl skull_fiend_atlas
f 181/529/133 182/530/133 183/531/133 184/532/133
vt 0.500000 0.500000
vt 0.750000 0.500000
vt 0.750000 0.250000
vt 0.500000 0.250000
vn 0.000000 0.000000 -1.000000
f 178/533/134 177/534/134 180/535/134 179/536/134
vt 0.500000 0.500000
vt 0.750000 0.500000
vt 0.750000 0.250000
vt 0.500000 0.250000
vn -1.000000 0.000000 0.000000
f 177/537/135 181/538/135 184/539/135 180/540/135
vt 0.500000 0.500000
vt 0.750000 0.500000
vt 0.750000 0.250000
vt 0.500000 0.250000
vn 1.000000 0.000000 0.000000
f 182/541/136 178/542/136 179/543/136 183/544/136
vt 0.500000 0.500000
vt 0.750000 0.500000
vt 0.750000 0.250000
vt 0.500000 0.250000
vn 0.000000 1.000000 0.000000
f 184/545/137 183/546/137 179/547/137 180/548/137
vt 0.500000 0.500000
vt 0.750000 0.500000
vt 0.750000 0.250000
vt 0.500000 0.250000
vn 0.000000 -1.000000 0.000000
f 177/549/138 178/550/138 182/551/138 181/552/138
# part: eye_fire_spark_r
v 0.581250 0.605000 0.776250
v 0.656250 0.605000 0.776250
v 0.656250 0.680000 0.776250
v 0.581250 0.680000 0.776250
v 0.581250 0.605000 0.806250
v 0.656250 0.605000 0.806250
v 0.656250 0.680000 0.806250
v 0.581250 0.680000 0.806250
vt 0.500000 0.500000
vt 0.750000 0.500000
vt 0.750000 0.250000
vt 0.500000 0.250000
vn 0.000000 0.000000 1.000000
usemtl skull_fiend_atlas
f 189/553/139 190/554/139 191/555/139 192/556/139
vt 0.500000 0.500000
vt 0.750000 0.500000
vt 0.750000 0.250000
vt 0.500000 0.250000
vn 0.000000 0.000000 -1.000000
f 186/557/140 185/558/140 188/559/140 187/560/140
vt 0.500000 0.500000
vt 0.750000 0.500000
vt 0.750000 0.250000
vt 0.500000 0.250000
vn -1.000000 0.000000 0.000000
f 185/561/141 189/562/141 192/563/141 188/564/141
vt 0.500000 0.500000
vt 0.750000 0.500000
vt 0.750000 0.250000
vt 0.500000 0.250000
vn 1.000000 0.000000 0.000000
f 190/565/142 186/566/142 187/567/142 191/568/142
vt 0.500000 0.500000
vt 0.750000 0.500000
vt 0.750000 0.250000
vt 0.500000 0.250000
vn 0.000000 1.000000 0.000000
f 192/569/143 191/570/143 187/571/143 188/572/143
vt 0.500000 0.500000
vt 0.750000 0.500000
vt 0.750000 0.250000
vt 0.500000 0.250000
vn 0.000000 -1.000000 0.000000
f 185/573/144 186/574/144 190/575/144 189/576/144
# part: jaw_chin_front
v 0.325000 0.112500 0.825000
v 0.675000 0.112500 0.825000
v 0.675000 0.237500 0.825000
v 0.325000 0.237500 0.825000
v 0.325000 0.112500 0.968750
v 0.675000 0.112500 0.968750
v 0.675000 0.237500 0.968750
v 0.325000 0.237500 0.968750
vt 0.000000 0.500000
vt 0.250000 0.500000
vt 0.250000 0.250000
vt 0.000000 0.250000
vn 0.000000 0.000000 1.000000
usemtl skull_fiend_atlas
f 197/577/145 198/578/145 199/579/145 200/580/145
vt 0.000000 0.500000
vt 0.250000 0.500000
vt 0.250000 0.250000
vt 0.000000 0.250000
vn 0.000000 0.000000 -1.000000
f 194/581/146 193/582/146 196/583/146 195/584/146
vt 0.000000 0.500000
vt 0.250000 0.500000
vt 0.250000 0.250000
vt 0.000000 0.250000
vn -1.000000 0.000000 0.000000
f 193/585/147 197/586/147 200/587/147 196/588/147
vt 0.000000 0.500000
vt 0.250000 0.500000
vt 0.250000 0.250000
vt 0.000000 0.250000
vn 1.000000 0.000000 0.000000
f 198/589/148 194/590/148 195/591/148 199/592/148
vt 0.000000 0.500000
vt 0.250000 0.500000
vt 0.250000 0.250000
vt 0.000000 0.250000
vn 0.000000 1.000000 0.000000
f 200/593/149 199/594/149 195/595/149 196/596/149
vt 0.000000 0.500000
vt 0.250000 0.500000
vt 0.250000 0.250000
vt 0.000000 0.250000
vn 0.000000 -1.000000 0.000000
f 193/597/150 194/598/150 198/599/150 197/600/150
# part: jaw_ramus_l
v 0.281250 0.125000 0.593750
v 0.337500 0.125000 0.593750
v 0.337500 0.281250 0.593750
v 0.281250 0.281250 0.593750
v 0.281250 0.125000 0.822500
v 0.337500 0.125000 0.822500
v 0.337500 0.281250 0.822500
v 0.281250 0.281250 0.822500
vt 0.000000 0.500000
vt 0.250000 0.500000
vt 0.250000 0.250000
vt 0.000000 0.250000
vn 0.000000 0.000000 1.000000
usemtl skull_fiend_atlas
f 205/601/151 206/602/151 207/603/151 208/604/151
vt 0.000000 0.500000
vt 0.250000 0.500000
vt 0.250000 0.250000
vt 0.000000 0.250000
vn 0.000000 0.000000 -1.000000
f 202/605/152 201/606/152 204/607/152 203/608/152
vt 0.000000 0.500000
vt 0.250000 0.500000
vt 0.250000 0.250000
vt 0.000000 0.250000
vn -1.000000 0.000000 0.000000
f 201/609/153 205/610/153 208/611/153 204/612/153
vt 0.000000 0.500000
vt 0.250000 0.500000
vt 0.250000 0.250000
vt 0.000000 0.250000
vn 1.000000 0.000000 0.000000
f 206/613/154 202/614/154 203/615/154 207/616/154
vt 0.000000 0.500000
vt 0.250000 0.500000
vt 0.250000 0.250000
vt 0.000000 0.250000
vn 0.000000 1.000000 0.000000
f 208/617/155 207/618/155 203/619/155 204/620/155
vt 0.000000 0.500000
vt 0.250000 0.500000
vt 0.250000 0.250000
vt 0.000000 0.250000
vn 0.000000 -1.000000 0.000000
f 201/621/156 202/622/156 206/623/156 205/624/156
# part: jaw_ramus_r
v 0.662500 0.125000 0.593750
v 0.718750 0.125000 0.593750
v 0.718750 0.281250 0.593750
v 0.662500 0.281250 0.593750
v 0.662500 0.125000 0.822500
v 0.718750 0.125000 0.822500
v 0.718750 0.281250 0.822500
v 0.662500 0.281250 0.822500
vt 0.000000 0.500000
vt 0.250000 0.500000
vt 0.250000 0.250000
vt 0.000000 0.250000
vn 0.000000 0.000000 1.000000
usemtl skull_fiend_atlas
f 213/625/157 214/626/157 215/627/157 216/628/157
vt 0.000000 0.500000
vt 0.250000 0.500000
vt 0.250000 0.250000
vt 0.000000 0.250000
vn 0.000000 0.000000 -1.000000
f 210/629/158 209/630/158 212/631/158 211/632/158
vt 0.000000 0.500000
vt 0.250000 0.500000
vt 0.250000 0.250000
vt 0.000000 0.250000
vn -1.000000 0.000000 0.000000
f 209/633/159 213/634/159 216/635/159 212/636/159
vt 0.000000 0.500000
vt 0.250000 0.500000
vt 0.250000 0.250000
vt 0.000000 0.250000
vn 1.000000 0.000000 0.000000
f 214/637/160 210/638/160 211/639/160 215/640/160
vt 0.000000 0.500000
vt 0.250000 0.500000
vt 0.250000 0.250000
vt 0.000000 0.250000
vn 0.000000 1.000000 0.000000
f 216/641/161 215/642/161 211/643/161 212/644/161
vt 0.000000 0.500000
vt 0.250000 0.500000
vt 0.250000 0.250000
vt 0.000000 0.250000
vn 0.000000 -1.000000 0.000000
f 209/645/162 210/646/162 214/647/162 213/648/162
# part: jaw_tooth_base_0
v 0.346875 0.240000 0.893750
v 0.403125 0.240000 0.893750
v 0.403125 0.281250 0.893750
v 0.346875 0.281250 0.893750
v 0.346875 0.240000 0.956250
v 0.403125 0.240000 0.956250
v 0.403125 0.281250 0.956250
v 0.346875 0.281250 0.956250
vt 0.750000 0.500000
vt 1.000000 0.500000
vt 1.000000 0.250000
vt 0.750000 0.250000
vn 0.000000 0.000000 1.000000
usemtl skull_fiend_atlas
f 221/649/163 222/650/163 223/651/163 224/652/163
vt 0.750000 0.500000
vt 1.000000 0.500000
vt 1.000000 0.250000
vt 0.750000 0.250000
vn 0.000000 0.000000 -1.000000
f 218/653/164 217/654/164 220/655/164 219/656/164
vt 0.750000 0.500000
vt 1.000000 0.500000
vt 1.000000 0.250000
vt 0.750000 0.250000
vn -1.000000 0.000000 0.000000
f 217/657/165 221/658/165 224/659/165 220/660/165
vt 0.750000 0.500000
vt 1.000000 0.500000
vt 1.000000 0.250000
vt 0.750000 0.250000
vn 1.000000 0.000000 0.000000
f 222/661/166 218/662/166 219/663/166 223/664/166
vt 0.750000 0.500000
vt 1.000000 0.500000
vt 1.000000 0.250000
vt 0.750000 0.250000
vn 0.000000 1.000000 0.000000
f 224/665/167 223/666/167 219/667/167 220/668/167
vt 0.750000 0.500000
vt 1.000000 0.500000
vt 1.000000 0.250000
vt 0.750000 0.250000
vn 0.000000 -1.000000 0.000000
f 217/669/168 218/670/168 222/671/168 221/672/168
# part: jaw_tooth_tip_0
v 0.359375 0.283750 0.906250
v 0.390625 0.283750 0.906250
v 0.390625 0.318750 0.906250
v 0.359375 0.318750 0.906250
v 0.359375 0.283750 0.943750
v 0.390625 0.283750 0.943750
v 0.390625 0.318750 0.943750
v 0.359375 0.318750 0.943750
vt 0.750000 0.500000
vt 1.000000 0.500000
vt 1.000000 0.250000
vt 0.750000 0.250000
vn 0.000000 0.000000 1.000000
usemtl skull_fiend_atlas
f 229/673/169 230/674/169 231/675/169 232/676/169
vt 0.750000 0.500000
vt 1.000000 0.500000
vt 1.000000 0.250000
vt 0.750000 0.250000
vn 0.000000 0.000000 -1.000000
f 226/677/170 225/678/170 228/679/170 227/680/170
vt 0.750000 0.500000
vt 1.000000 0.500000
vt 1.000000 0.250000
vt 0.750000 0.250000
vn -1.000000 0.000000 0.000000
f 225/681/171 229/682/171 232/683/171 228/684/171
vt 0.750000 0.500000
vt 1.000000 0.500000
vt 1.000000 0.250000
vt 0.750000 0.250000
vn 1.000000 0.000000 0.000000
f 230/685/172 226/686/172 227/687/172 231/688/172
vt 0.750000 0.500000
vt 1.000000 0.500000
vt 1.000000 0.250000
vt 0.750000 0.250000
vn 0.000000 1.000000 0.000000
f 232/689/173 231/690/173 227/691/173 228/692/173
vt 0.750000 0.500000
vt 1.000000 0.500000
vt 1.000000 0.250000
vt 0.750000 0.250000
vn 0.000000 -1.000000 0.000000
f 225/693/174 226/694/174 230/695/174 229/696/174
# part: jaw_tooth_base_1
v 0.428125 0.240000 0.893750
v 0.484375 0.240000 0.893750
v 0.484375 0.281250 0.893750
v 0.428125 0.281250 0.893750
v 0.428125 0.240000 0.956250
v 0.484375 0.240000 0.956250
v 0.484375 0.281250 0.956250
v 0.428125 0.281250 0.956250
vt 0.750000 0.500000
vt 1.000000 0.500000
vt 1.000000 0.250000
vt 0.750000 0.250000
vn 0.000000 0.000000 1.000000
usemtl skull_fiend_atlas
f 237/697/175 238/698/175 239/699/175 240/700/175
vt 0.750000 0.500000
vt 1.000000 0.500000
vt 1.000000 0.250000
vt 0.750000 0.250000
vn 0.000000 0.000000 -1.000000
f 234/701/176 233/702/176 236/703/176 235/704/176
vt 0.750000 0.500000
vt 1.000000 0.500000
vt 1.000000 0.250000
vt 0.750000 0.250000
vn -1.000000 0.000000 0.000000
f 233/705/177 237/706/177 240/707/177 236/708/177
vt 0.750000 0.500000
vt 1.000000 0.500000
vt 1.000000 0.250000
vt 0.750000 0.250000
vn 1.000000 0.000000 0.000000
f 238/709/178 234/710/178 235/711/178 239/712/178
vt 0.750000 0.500000
vt 1.000000 0.500000
vt 1.000000 0.250000
vt 0.750000 0.250000
vn 0.000000 1.000000 0.000000
f 240/713/179 239/714/179 235/715/179 236/716/179
vt 0.750000 0.500000
vt 1.000000 0.500000
vt 1.000000 0.250000
vt 0.750000 0.250000
vn 0.000000 -1.000000 0.000000
f 233/717/180 234/718/180 238/719/180 237/720/180
# part: jaw_tooth_tip_1
v 0.440625 0.283750 0.906250
v 0.471875 0.283750 0.906250
v 0.471875 0.318750 0.906250
v 0.440625 0.318750 0.906250
v 0.440625 0.283750 0.943750
v 0.471875 0.283750 0.943750
v 0.471875 0.318750 0.943750
v 0.440625 0.318750 0.943750
vt 0.750000 0.500000
vt 1.000000 0.500000
vt 1.000000 0.250000
vt 0.750000 0.250000
vn 0.000000 0.000000 1.000000
usemtl skull_fiend_atlas
f 245/721/181 246/722/181 247/723/181 248/724/181
vt 0.750000 0.500000
vt 1.000000 0.500000
vt 1.000000 0.250000
vt 0.750000 0.250000
vn 0.000000 0.000000 -1.000000
f 242/725/182 241/726/182 244/727/182 243/728/182
vt 0.750000 0.500000
vt 1.000000 0.500000
vt 1.000000 0.250000
vt 0.750000 0.250000
vn -1.000000 0.000000 0.000000
f 241/729/183 245/730/183 248/731/183 244/732/183
vt 0.750000 0.500000
vt 1.000000 0.500000
vt 1.000000 0.250000
vt 0.750000 0.250000
vn 1.000000 0.000000 0.000000
f 246/733/184 242/734/184 243/735/184 247/736/184
vt 0.750000 0.500000
vt 1.000000 0.500000
vt 1.000000 0.250000
vt 0.750000 0.250000
vn 0.000000 1.000000 0.000000
f 248/737/185 247/738/185 243/739/185 244/740/185
vt 0.750000 0.500000
vt 1.000000 0.500000
vt 1.000000 0.250000
vt 0.750000 0.250000
vn 0.000000 -1.000000 0.000000
f 241/741/186 242/742/186 246/743/186 245/744/186
# part: jaw_tooth_base_2
v 0.515625 0.240000 0.893750
v 0.571875 0.240000 0.893750
v 0.571875 0.281250 0.893750
v 0.515625 0.281250 0.893750
v 0.515625 0.240000 0.956250
v 0.571875 0.240000 0.956250
v 0.571875 0.281250 0.956250
v 0.515625 0.281250 0.956250
vt 0.750000 0.500000
vt 1.000000 0.500000
vt 1.000000 0.250000
vt 0.750000 0.250000
vn 0.000000 0.000000 1.000000
usemtl skull_fiend_atlas
f 253/745/187 254/746/187 255/747/187 256/748/187
vt 0.750000 0.500000
vt 1.000000 0.500000
vt 1.000000 0.250000
vt 0.750000 0.250000
vn 0.000000 0.000000 -1.000000
f 250/749/188 249/750/188 252/751/188 251/752/188
vt 0.750000 0.500000
vt 1.000000 0.500000
vt 1.000000 0.250000
vt 0.750000 0.250000
vn -1.000000 0.000000 0.000000
f 249/753/189 253/754/189 256/755/189 252/756/189
vt 0.750000 0.500000
vt 1.000000 0.500000
vt 1.000000 0.250000
vt 0.750000 0.250000
vn 1.000000 0.000000 0.000000
f 254/757/190 250/758/190 251/759/190 255/760/190
vt 0.750000 0.500000
vt 1.000000 0.500000
vt 1.000000 0.250000
vt 0.750000 0.250000
vn 0.000000 1.000000 0.000000
f 256/761/191 255/762/191 251/763/191 252/764/191
vt 0.750000 0.500000
vt 1.000000 0.500000
vt 1.000000 0.250000
vt 0.750000 0.250000
vn 0.000000 -1.000000 0.000000
f 249/765/192 250/766/192 254/767/192 253/768/192
# part: jaw_tooth_tip_2
v 0.528125 0.283750 0.906250
v 0.559375 0.283750 0.906250
v 0.559375 0.318750 0.906250
v 0.528125 0.318750 0.906250
v 0.528125 0.283750 0.943750
v 0.559375 0.283750 0.943750
v 0.559375 0.318750 0.943750
v 0.528125 0.318750 0.943750
vt 0.750000 0.500000
vt 1.000000 0.500000
vt 1.000000 0.250000
vt 0.750000 0.250000
vn 0.000000 0.000000 1.000000
usemtl skull_fiend_atlas
f 261/769/193 262/770/193 263/771/193 264/772/193
vt 0.750000 0.500000
vt 1.000000 0.500000
vt 1.000000 0.250000
vt 0.750000 0.250000
vn 0.000000 0.000000 -1.000000
f 258/773/194 257/774/194 260/775/194 259/776/194
vt 0.750000 0.500000
vt 1.000000 0.500000
vt 1.000000 0.250000
vt 0.750000 0.250000
vn -1.000000 0.000000 0.000000
f 257/777/195 261/778/195 264/779/195 260/780/195
vt 0.750000 0.500000
vt 1.000000 0.500000
vt 1.000000 0.250000
vt 0.750000 0.250000
vn 1.000000 0.000000 0.000000
f 262/781/196 258/782/196 259/783/196 263/784/196
vt 0.750000 0.500000
vt 1.000000 0.500000
vt 1.000000 0.250000
vt 0.750000 0.250000
vn 0.000000 1.000000 0.000000
f 264/785/197 263/786/197 259/787/197 260/788/197
vt 0.750000 0.500000
vt 1.000000 0.500000
vt 1.000000 0.250000
vt 0.750000 0.250000
vn 0.000000 -1.000000 0.000000
f 257/789/198 258/790/198 262/791/198 261/792/198
# part: jaw_tooth_base_3
v 0.596875 0.240000 0.893750
v 0.653125 0.240000 0.893750
v 0.653125 0.281250 0.893750
v 0.596875 0.281250 0.893750
v 0.596875 0.240000 0.956250
v 0.653125 0.240000 0.956250
v 0.653125 0.281250 0.956250
v 0.596875 0.281250 0.956250
vt 0.750000 0.500000
vt 1.000000 0.500000
vt 1.000000 0.250000
vt 0.750000 0.250000
vn 0.000000 0.000000 1.000000
usemtl skull_fiend_atlas
f 269/793/199 270/794/199 271/795/199 272/796/199
vt 0.750000 0.500000
vt 1.000000 0.500000
vt 1.000000 0.250000
vt 0.750000 0.250000
vn 0.000000 0.000000 -1.000000
f 266/797/200 265/798/200 268/799/200 267/800/200
vt 0.750000 0.500000
vt 1.000000 0.500000
vt 1.000000 0.250000
vt 0.750000 0.250000
vn -1.000000 0.000000 0.000000
f 265/801/201 269/802/201 272/803/201 268/804/201
vt 0.750000 0.500000
vt 1.000000 0.500000
vt 1.000000 0.250000
vt 0.750000 0.250000
vn 1.000000 0.000000 0.000000
f 270/805/202 266/806/202 267/807/202 271/808/202
vt 0.750000 0.500000
vt 1.000000 0.500000
vt 1.000000 0.250000
vt 0.750000 0.250000
vn 0.000000 1.000000 0.000000
f 272/809/203 271/810/203 267/811/203 268/812/203
vt 0.750000 0.500000
vt 1.000000 0.500000
vt 1.000000 0.250000
vt 0.750000 0.250000
vn 0.000000 -1.000000 0.000000
f 265/813/204 266/814/204 270/815/204 269/816/204
# part: jaw_tooth_tip_3
v 0.609375 0.283750 0.906250
v 0.640625 0.283750 0.906250
v 0.640625 0.318750 0.906250
v 0.609375 0.318750 0.906250
v 0.609375 0.283750 0.943750
v 0.640625 0.283750 0.943750
v 0.640625 0.318750 0.943750
v 0.609375 0.318750 0.943750
vt 0.750000 0.500000
vt 1.000000 0.500000
vt 1.000000 0.250000
vt 0.750000 0.250000
vn 0.000000 0.000000 1.000000
usemtl skull_fiend_atlas
f 277/817/205 278/818/205 279/819/205 280/820/205
vt 0.750000 0.500000
vt 1.000000 0.500000
vt 1.000000 0.250000
vt 0.750000 0.250000
vn 0.000000 0.000000 -1.000000
f 274/821/206 273/822/206 276/823/206 275/824/206
vt 0.750000 0.500000
vt 1.000000 0.500000
vt 1.000000 0.250000
vt 0.750000 0.250000
vn -1.000000 0.000000 0.000000
f 273/825/207 277/826/207 280/827/207 276/828/207
vt 0.750000 0.500000
vt 1.000000 0.500000
vt 1.000000 0.250000
vt 0.750000 0.250000
vn 1.000000 0.000000 0.000000
f 278/829/208 274/830/208 275/831/208 279/832/208
vt 0.750000 0.500000
vt 1.000000 0.500000
vt 1.000000 0.250000
vt 0.750000 0.250000
vn 0.000000 1.000000 0.000000
f 280/833/209 279/834/209 275/835/209 276/836/209
vt 0.750000 0.500000
vt 1.000000 0.500000
vt 1.000000 0.250000
vt 0.750000 0.250000
vn 0.000000 -1.000000 0.000000
f 273/837/210 274/838/210 278/839/210 277/840/210
# part: jaw_flank_spur_base_l
v 0.275000 0.050000 0.700000
v 0.343750 0.050000 0.700000
v 0.343750 0.122500 0.700000
v 0.275000 0.122500 0.700000
v 0.275000 0.050000 0.800000
v 0.343750 0.050000 0.800000
v 0.343750 0.122500 0.800000
v 0.275000 0.122500 0.800000
vt 0.000000 0.500000
vt 0.250000 0.500000
vt 0.250000 0.250000
vt 0.000000 0.250000
vn 0.000000 0.000000 1.000000
usemtl skull_fiend_atlas
f 285/841/211 286/842/211 287/843/211 288/844/211
vt 0.000000 0.500000
vt 0.250000 0.500000
vt 0.250000 0.250000
vt 0.000000 0.250000
vn 0.000000 0.000000 -1.000000
f 282/845/212 281/846/212 284/847/212 283/848/212
vt 0.000000 0.500000
vt 0.250000 0.500000
vt 0.250000 0.250000
vt 0.000000 0.250000
vn -1.000000 0.000000 0.000000
f 281/849/213 285/850/213 288/851/213 284/852/213
vt 0.000000 0.500000
vt 0.250000 0.500000
vt 0.250000 0.250000
vt 0.000000 0.250000
vn 1.000000 0.000000 0.000000
f 286/853/214 282/854/214 283/855/214 287/856/214
vt 0.000000 0.500000
vt 0.250000 0.500000
vt 0.250000 0.250000
vt 0.000000 0.250000
vn 0.000000 1.000000 0.000000
f 288/857/215 287/858/215 283/859/215 284/860/215
vt 0.000000 0.500000
vt 0.250000 0.500000
vt 0.250000 0.250000
vt 0.000000 0.250000
vn 0.000000 -1.000000 0.000000
f 281/861/216 282/862/216 286/863/216 285/864/216
# part: jaw_flank_spur_tip_l
v 0.287500 -0.037500 0.718750
v 0.331250 -0.037500 0.718750
v 0.331250 0.047500 0.718750
v 0.287500 0.047500 0.718750
v 0.287500 -0.037500 0.775000
v 0.331250 -0.037500 0.775000
v 0.331250 0.047500 0.775000
v 0.287500 0.047500 0.775000
vt 0.000000 1.000000
vt 0.250000 1.000000
vt 0.250000 0.750000
vt 0.000000 0.750000
vn 0.000000 0.000000 1.000000
usemtl skull_fiend_atlas
f 293/865/217 294/866/217 295/867/217 296/868/217
vt 0.000000 1.000000
vt 0.250000 1.000000
vt 0.250000 0.750000
vt 0.000000 0.750000
vn 0.000000 0.000000 -1.000000
f 290/869/218 289/870/218 292/871/218 291/872/218
vt 0.000000 1.000000
vt 0.250000 1.000000
vt 0.250000 0.750000
vt 0.000000 0.750000
vn -1.000000 0.000000 0.000000
f 289/873/219 293/874/219 296/875/219 292/876/219
vt 0.000000 1.000000
vt 0.250000 1.000000
vt 0.250000 0.750000
vt 0.000000 0.750000
vn 1.000000 0.000000 0.000000
f 294/877/220 290/878/220 291/879/220 295/880/220
vt 0.000000 1.000000
vt 0.250000 1.000000
vt 0.250000 0.750000
vt 0.000000 0.750000
vn 0.000000 1.000000 0.000000
f 296/881/221 295/882/221 291/883/221 292/884/221
vt 0.000000 1.000000
vt 0.250000 1.000000
vt 0.250000 0.750000
vt 0.000000 0.750000
vn 0.000000 -1.000000 0.000000
f 289/885/222 290/886/222 294/887/222 293/888/222
# part: jaw_flank_spur_base_r
v 0.656250 0.050000 0.700000
v 0.725000 0.050000 0.700000
v 0.725000 0.122500 0.700000
v 0.656250 0.122500 0.700000
v 0.656250 0.050000 0.800000
v 0.725000 0.050000 0.800000
v 0.725000 0.122500 0.800000
v 0.656250 0.122500 0.800000
vt 0.000000 0.500000
vt 0.250000 0.500000
vt 0.250000 0.250000
vt 0.000000 0.250000
vn 0.000000 0.000000 1.000000
usemtl skull_fiend_atlas
f 301/889/223 302/890/223 303/891/223 304/892/223
vt 0.000000 0.500000
vt 0.250000 0.500000
vt 0.250000 0.250000
vt 0.000000 0.250000
vn 0.000000 0.000000 -1.000000
f 298/893/224 297/894/224 300/895/224 299/896/224
vt 0.000000 0.500000
vt 0.250000 0.500000
vt 0.250000 0.250000
vt 0.000000 0.250000
vn -1.000000 0.000000 0.000000
f 297/897/225 301/898/225 304/899/225 300/900/225
vt 0.000000 0.500000
vt 0.250000 0.500000
vt 0.250000 0.250000
vt 0.000000 0.250000
vn 1.000000 0.000000 0.000000
f 302/901/226 298/902/226 299/903/226 303/904/226
vt 0.000000 0.500000
vt 0.250000 0.500000
vt 0.250000 0.250000
vt 0.000000 0.250000
vn 0.000000 1.000000 0.000000
f 304/905/227 303/906/227 299/907/227 300/908/227
vt 0.000000 0.500000
vt 0.250000 0.500000
vt 0.250000 0.250000
vt 0.000000 0.250000
vn 0.000000 -1.000000 0.000000
f 297/909/228 298/910/228 302/911/228 301/912/228
# part: jaw_flank_spur_tip_r
v 0.668750 -0.037500 0.718750
v 0.712500 -0.037500 0.718750
v 0.712500 0.047500 0.718750
v 0.668750 0.047500 0.718750
v 0.668750 -0.037500 0.775000
v 0.712500 -0.037500 0.775000
v 0.712500 0.047500 0.775000
v 0.668750 0.047500 0.775000
vt 0.000000 1.000000
vt 0.250000 1.000000
vt 0.250000 0.750000
vt 0.000000 0.750000
vn 0.000000 0.000000 1.000000
usemtl skull_fiend_atlas
f 309/913/229 310/914/229 311/915/229 312/916/229
vt 0.000000 1.000000
vt 0.250000 1.000000
vt 0.250000 0.750000
vt 0.000000 0.750000
vn 0.000000 0.000000 -1.000000
f 306/917/230 305/918/230 308/919/230 307/920/230
vt 0.000000 1.000000
vt 0.250000 1.000000
vt 0.250000 0.750000
vt 0.000000 0.750000
vn -1.000000 0.000000 0.000000
f 305/921/231 309/922/231 312/923/231 308/924/231
vt 0.000000 1.000000
vt 0.250000 1.000000
vt 0.250000 0.750000
vt 0.000000 0.750000
vn 1.000000 0.000000 0.000000
f 310/925/232 306/926/232 307/927/232 311/928/232
vt 0.000000 1.000000
vt 0.250000 1.000000
vt 0.250000 0.750000
vt 0.000000 0.750000
vn 0.000000 1.000000 0.000000
f 312/929/233 311/930/233 307/931/233 308/932/233
vt 0.000000 1.000000
vt 0.250000 1.000000
vt 0.250000 0.750000
vt 0.000000 0.750000
vn 0.000000 -1.000000 0.000000
f 305/933/234 306/934/234 310/935/234 309/936/234
# part: spine_seg1_base_top_center
v 0.406250 0.862500 0.406250
v 0.593750 0.862500 0.406250
v 0.593750 1.081250 0.406250
v 0.406250 1.081250 0.406250
v 0.406250 0.862500 0.593750
v 0.593750 0.862500 0.593750
v 0.593750 1.081250 0.593750
v 0.406250 1.081250 0.593750
vt 0.000000 0.500000
vt 0.250000 0.500000
vt 0.250000 0.250000
vt 0.000000 0.250000
vn 0.000000 0.000000 1.000000
usemtl skull_fiend_atlas
f 317/937/235 318/938/235 319/939/235 320/940/235
vt 0.000000 0.500000
vt 0.250000 0.500000
vt 0.250000 0.250000
vt 0.000000 0.250000
vn 0.000000 0.000000 -1.000000
f 314/941/236 313/942/236 316/943/236 315/944/236
vt 0.000000 0.500000
vt 0.250000 0.500000
vt 0.250000 0.250000
vt 0.000000 0.250000
vn -1.000000 0.000000 0.000000
f 313/945/237 317/946/237 320/947/237 316/948/237
vt 0.000000 0.500000
vt 0.250000 0.500000
vt 0.250000 0.250000
vt 0.000000 0.250000
vn 1.000000 0.000000 0.000000
f 318/949/238 314/950/238 315/951/238 319/952/238
vt 0.000000 0.500000
vt 0.250000 0.500000
vt 0.250000 0.250000
vt 0.000000 0.250000
vn 0.000000 1.000000 0.000000
f 320/953/239 319/954/239 315/955/239 316/956/239
vt 0.000000 0.500000
vt 0.250000 0.500000
vt 0.250000 0.250000
vt 0.000000 0.250000
vn 0.000000 -1.000000 0.000000
f 313/957/240 314/958/240 318/959/240 317/960/240
# part: spine_seg2_mid_top_center
v 0.437500 1.083750 0.362500
v 0.562500 1.083750 0.362500
v 0.562500 1.302500 0.362500
v 0.437500 1.302500 0.362500
v 0.437500 1.083750 0.487500
v 0.562500 1.083750 0.487500
v 0.562500 1.302500 0.487500
v 0.437500 1.302500 0.487500
vt 0.000000 1.000000
vt 0.250000 1.000000
vt 0.250000 0.750000
vt 0.000000 0.750000
vn 0.000000 0.000000 1.000000
usemtl skull_fiend_atlas
f 325/961/241 326/962/241 327/963/241 328/964/241
vt 0.000000 1.000000
vt 0.250000 1.000000
vt 0.250000 0.750000
vt 0.000000 0.750000
vn 0.000000 0.000000 -1.000000
f 322/965/242 321/966/242 324/967/242 323/968/242
vt 0.000000 1.000000
vt 0.250000 1.000000
vt 0.250000 0.750000
vt 0.000000 0.750000
vn -1.000000 0.000000 0.000000
f 321/969/243 325/970/243 328/971/243 324/972/243
vt 0.000000 1.000000
vt 0.250000 1.000000
vt 0.250000 0.750000
vt 0.000000 0.750000
vn 1.000000 0.000000 0.000000
f 326/973/244 322/974/244 323/975/244 327/976/244
vt 0.000000 1.000000
vt 0.250000 1.000000
vt 0.250000 0.750000
vt 0.000000 0.750000
vn 0.000000 1.000000 0.000000
f 328/977/245 327/978/245 323/979/245 324/980/245
vt 0.000000 1.000000
vt 0.250000 1.000000
vt 0.250000 0.750000
vt 0.000000 0.750000
vn 0.000000 -1.000000 0.000000
f 321/981/246 322/982/246 326/983/246 325/984/246
# part: spine_seg3_tip_top_center
v 0.468750 1.305000 0.318750
v 0.531250 1.305000 0.318750
v 0.531250 1.523750 0.318750
v 0.468750 1.523750 0.318750
v 0.468750 1.305000 0.381250
v 0.531250 1.305000 0.381250
v 0.531250 1.523750 0.381250
v 0.468750 1.523750 0.381250
vt 0.750000 0.500000
vt 1.000000 0.500000
vt 1.000000 0.250000
vt 0.750000 0.250000
vn 0.000000 0.000000 1.000000
usemtl skull_fiend_atlas
f 333/985/247 334/986/247 335/987/247 336/988/247
vt 0.750000 0.500000
vt 1.000000 0.500000
vt 1.000000 0.250000
vt 0.750000 0.250000
vn 0.000000 0.000000 -1.000000
f 330/989/248 329/990/248 332/991/248 331/992/248
vt 0.750000 0.500000
vt 1.000000 0.500000
vt 1.000000 0.250000
vt 0.750000 0.250000
vn -1.000000 0.000000 0.000000
f 329/993/249 333/994/249 336/995/249 332/996/249
vt 0.750000 0.500000
vt 1.000000 0.500000
vt 1.000000 0.250000
vt 0.750000 0.250000
vn 1.000000 0.000000 0.000000
f 334/997/250 330/998/250 331/999/250 335/1000/250
vt 0.750000 0.500000
vt 1.000000 0.500000
vt 1.000000 0.250000
vt 0.750000 0.250000
vn 0.000000 1.000000 0.000000
f 336/1001/251 335/1002/251 331/1003/251 332/1004/251
vt 0.750000 0.500000
vt 1.000000 0.500000
vt 1.000000 0.250000
vt 0.750000 0.250000
vn 0.000000 -1.000000 0.000000
f 329/1005/252 330/1006/252 334/1007/252 333/1008/252
# part: spine_seg1_base_top_left
v 0.231250 0.800000 0.437500
v 0.418750 0.800000 0.437500
v 0.418750 1.018750 0.437500
v 0.231250 1.018750 0.437500
v 0.231250 0.800000 0.625000
v 0.418750 0.800000 0.625000
v 0.418750 1.018750 0.625000
v 0.231250 1.018750 0.625000
vt 0.000000 0.500000
vt 0.250000 0.500000
vt 0.250000 0.250000
vt 0.000000 0.250000
vn 0.000000 0.000000 1.000000
usemtl skull_fiend_atlas
f 341/1009/253 342/1010/253 343/1011/253 344/1012/253
vt 0.000000 0.500000
vt 0.250000 0.500000
vt 0.250000 0.250000
vt 0.000000 0.250000
vn 0.000000 0.000000 -1.000000
f 338/1013/254 337/1014/254 340/1015/254 339/1016/254
vt 0.000000 0.500000
vt 0.250000 0.500000
vt 0.250000 0.250000
vt 0.000000 0.250000
vn -1.000000 0.000000 0.000000
f 337/1017/255 341/1018/255 344/1019/255 340/1020/255
vt 0.000000 0.500000
vt 0.250000 0.500000
vt 0.250000 0.250000
vt 0.000000 0.250000
vn 1.000000 0.000000 0.000000
f 342/1021/256 338/1022/256 339/1023/256 343/1024/256
vt 0.000000 0.500000
vt 0.250000 0.500000
vt 0.250000 0.250000
vt 0.000000 0.250000
vn 0.000000 1.000000 0.000000
f 344/1025/257 343/1026/257 339/1027/257 340/1028/257
vt 0.000000 0.500000
vt 0.250000 0.500000
vt 0.250000 0.250000
vt 0.000000 0.250000
vn 0.000000 -1.000000 0.000000
f 337/1029/258 338/1030/258 342/1031/258 341/1032/258
# part: spine_seg2_mid_top_left
v 0.206250 1.021250 0.412500
v 0.331250 1.021250 0.412500
v 0.331250 1.240000 0.412500
v 0.206250 1.240000 0.412500
v 0.206250 1.021250 0.537500
v 0.331250 1.021250 0.537500
v 0.331250 1.240000 0.537500
v 0.206250 1.240000 0.537500
vt 0.000000 1.000000
vt 0.250000 1.000000
vt 0.250000 0.750000
vt 0.000000 0.750000
vn 0.000000 0.000000 1.000000
usemtl skull_fiend_atlas
f 349/1033/259 350/1034/259 351/1035/259 352/1036/259
vt 0.000000 1.000000
vt 0.250000 1.000000
vt 0.250000 0.750000
vt 0.000000 0.750000
vn 0.000000 0.000000 -1.000000
f 346/1037/260 345/1038/260 348/1039/260 347/1040/260
vt 0.000000 1.000000
vt 0.250000 1.000000
vt 0.250000 0.750000
vt 0.000000 0.750000
vn -1.000000 0.000000 0.000000
f 345/1041/261 349/1042/261 352/1043/261 348/1044/261
vt 0.000000 1.000000
vt 0.250000 1.000000
vt 0.250000 0.750000
vt 0.000000 0.750000
vn 1.000000 0.000000 0.000000
f 350/1045/262 346/1046/262 347/1047/262 351/1048/262
vt 0.000000 1.000000
vt 0.250000 1.000000
vt 0.250000 0.750000
vt 0.000000 0.750000
vn 0.000000 1.000000 0.000000
f 352/1049/263 351/1050/263 347/1051/263 348/1052/263
vt 0.000000 1.000000
vt 0.250000 1.000000
vt 0.250000 0.750000
vt 0.000000 0.750000
vn 0.000000 -1.000000 0.000000
f 345/1053/264 346/1054/264 350/1055/264 349/1056/264
# part: spine_seg3_tip_top_left
v 0.181250 1.242500 0.387500
v 0.243750 1.242500 0.387500
v 0.243750 1.461250 0.387500
v 0.181250 1.461250 0.387500
v 0.181250 1.242500 0.450000
v 0.243750 1.242500 0.450000
v 0.243750 1.461250 0.450000
v 0.181250 1.461250 0.450000
vt 0.750000 0.500000
vt 1.000000 0.500000
vt 1.000000 0.250000
vt 0.750000 0.250000
vn 0.000000 0.000000 1.000000
usemtl skull_fiend_atlas
f 357/1057/265 358/1058/265 359/1059/265 360/1060/265
vt 0.750000 0.500000
vt 1.000000 0.500000
vt 1.000000 0.250000
vt 0.750000 0.250000
vn 0.000000 0.000000 -1.000000
f 354/1061/266 353/1062/266 356/1063/266 355/1064/266
vt 0.750000 0.500000
vt 1.000000 0.500000
vt 1.000000 0.250000
vt 0.750000 0.250000
vn -1.000000 0.000000 0.000000
f 353/1065/267 357/1066/267 360/1067/267 356/1068/267
vt 0.750000 0.500000
vt 1.000000 0.500000
vt 1.000000 0.250000
vt 0.750000 0.250000
vn 1.000000 0.000000 0.000000
f 358/1069/268 354/1070/268 355/1071/268 359/1072/268
vt 0.750000 0.500000
vt 1.000000 0.500000
vt 1.000000 0.250000
vt 0.750000 0.250000
vn 0.000000 1.000000 0.000000
f 360/1073/269 359/1074/269 355/1075/269 356/1076/269
vt 0.750000 0.500000
vt 1.000000 0.500000
vt 1.000000 0.250000
vt 0.750000 0.250000
vn 0.000000 -1.000000 0.000000
f 353/1077/270 354/1078/270 358/1079/270 357/1080/270
# part: spine_seg1_base_top_right
v 0.581250 0.800000 0.437500
v 0.768750 0.800000 0.437500
v 0.768750 1.018750 0.437500
v 0.581250 1.018750 0.437500
v 0.581250 0.800000 0.625000
v 0.768750 0.800000 0.625000
v 0.768750 1.018750 0.625000
v 0.581250 1.018750 0.625000
vt 0.000000 0.500000
vt 0.250000 0.500000
vt 0.250000 0.250000
vt 0.000000 0.250000
vn 0.000000 0.000000 1.000000
usemtl skull_fiend_atlas
f 365/1081/271 366/1082/271 367/1083/271 368/1084/271
vt 0.000000 0.500000
vt 0.250000 0.500000
vt 0.250000 0.250000
vt 0.000000 0.250000
vn 0.000000 0.000000 -1.000000
f 362/1085/272 361/1086/272 364/1087/272 363/1088/272
vt 0.000000 0.500000
vt 0.250000 0.500000
vt 0.250000 0.250000
vt 0.000000 0.250000
vn -1.000000 0.000000 0.000000
f 361/1089/273 365/1090/273 368/1091/273 364/1092/273
vt 0.000000 0.500000
vt 0.250000 0.500000
vt 0.250000 0.250000
vt 0.000000 0.250000
vn 1.000000 0.000000 0.000000
f 366/1093/274 362/1094/274 363/1095/274 367/1096/274
vt 0.000000 0.500000
vt 0.250000 0.500000
vt 0.250000 0.250000
vt 0.000000 0.250000
vn 0.000000 1.000000 0.000000
f 368/1097/275 367/1098/275 363/1099/275 364/1100/275
vt 0.000000 0.500000
vt 0.250000 0.500000
vt 0.250000 0.250000
vt 0.000000 0.250000
vn 0.000000 -1.000000 0.000000
f 361/1101/276 362/1102/276 366/1103/276 365/1104/276
# part: spine_seg2_mid_top_right
v 0.668750 1.021250 0.412500
v 0.793750 1.021250 0.412500
v 0.793750 1.240000 0.412500
v 0.668750 1.240000 0.412500
v 0.668750 1.021250 0.537500
v 0.793750 1.021250 0.537500
v 0.793750 1.240000 0.537500
v 0.668750 1.240000 0.537500
vt 0.000000 1.000000
vt 0.250000 1.000000
vt 0.250000 0.750000
vt 0.000000 0.750000
vn 0.000000 0.000000 1.000000
usemtl skull_fiend_atlas
f 373/1105/277 374/1106/277 375/1107/277 376/1108/277
vt 0.000000 1.000000
vt 0.250000 1.000000
vt 0.250000 0.750000
vt 0.000000 0.750000
vn 0.000000 0.000000 -1.000000
f 370/1109/278 369/1110/278 372/1111/278 371/1112/278
vt 0.000000 1.000000
vt 0.250000 1.000000
vt 0.250000 0.750000
vt 0.000000 0.750000
vn -1.000000 0.000000 0.000000
f 369/1113/279 373/1114/279 376/1115/279 372/1116/279
vt 0.000000 1.000000
vt 0.250000 1.000000
vt 0.250000 0.750000
vt 0.000000 0.750000
vn 1.000000 0.000000 0.000000
f 374/1117/280 370/1118/280 371/1119/280 375/1120/280
vt 0.000000 1.000000
vt 0.250000 1.000000
vt 0.250000 0.750000
vt 0.000000 0.750000
vn 0.000000 1.000000 0.000000
f 376/1121/281 375/1122/281 371/1123/281 372/1124/281
vt 0.000000 1.000000
vt 0.250000 1.000000
vt 0.250000 0.750000
vt 0.000000 0.750000
vn 0.000000 -1.000000 0.000000
f 369/1125/282 370/1126/282 374/1127/282 373/1128/282
# part: spine_seg3_tip_top_right
v 0.756250 1.242500 0.387500
v 0.818750 1.242500 0.387500
v 0.818750 1.461250 0.387500
v 0.756250 1.461250 0.387500
v 0.756250 1.242500 0.450000
v 0.818750 1.242500 0.450000
v 0.818750 1.461250 0.450000
v 0.756250 1.461250 0.450000
vt 0.750000 0.500000
vt 1.000000 0.500000
vt 1.000000 0.250000
vt 0.750000 0.250000
vn 0.000000 0.000000 1.000000
usemtl skull_fiend_atlas
f 381/1129/283 382/1130/283 383/1131/283 384/1132/283
vt 0.750000 0.500000
vt 1.000000 0.500000
vt 1.000000 0.250000
vt 0.750000 0.250000
vn 0.000000 0.000000 -1.000000
f 378/1133/284 377/1134/284 380/1135/284 379/1136/284
vt 0.750000 0.500000
vt 1.000000 0.500000
vt 1.000000 0.250000
vt 0.750000 0.250000
vn -1.000000 0.000000 0.000000
f 377/1137/285 381/1138/285 384/1139/285 380/1140/285
vt 0.750000 0.500000
vt 1.000000 0.500000
vt 1.000000 0.250000
vt 0.750000 0.250000
vn 1.000000 0.000000 0.000000
f 382/1141/286 378/1142/286 379/1143/286 383/1144/286
vt 0.750000 0.500000
vt 1.000000 0.500000
vt 1.000000 0.250000
vt 0.750000 0.250000
vn 0.000000 1.000000 0.000000
f 384/1145/287 383/1146/287 379/1147/287 380/1148/287
vt 0.750000 0.500000
vt 1.000000 0.500000
vt 1.000000 0.250000
vt 0.750000 0.250000
vn 0.000000 -1.000000 0.000000
f 377/1149/288 378/1150/288 382/1151/288 381/1152/288
# part: spine_seg1_base_flank_left
v 0.118750 0.656250 0.331250
v 0.306250 0.656250 0.331250
v 0.306250 0.875000 0.331250
v 0.118750 0.875000 0.331250
v 0.118750 0.656250 0.518750
v 0.306250 0.656250 0.518750
v 0.306250 0.875000 0.518750
v 0.118750 0.875000 0.518750
vt 0.000000 0.500000
vt 0.250000 0.500000
vt 0.250000 0.250000
vt 0.000000 0.250000
vn 0.000000 0.000000 1.000000
usemtl skull_fiend_atlas
f 389/1153/289 390/1154/289 391/1155/289 392/1156/289
vt 0.000000 0.500000
vt 0.250000 0.500000
vt 0.250000 0.250000
vt 0.000000 0.250000
vn 0.000000 0.000000 -1.000000
f 386/1157/290 385/1158/290 388/1159/290 387/1160/290
vt 0.000000 0.500000
vt 0.250000 0.500000
vt 0.250000 0.250000
vt 0.000000 0.250000
vn -1.000000 0.000000 0.000000
f 385/1161/291 389/1162/291 392/1163/291 388/1164/291
vt 0.000000 0.500000
vt 0.250000 0.500000
vt 0.250000 0.250000
vt 0.000000 0.250000
vn 1.000000 0.000000 0.000000
f 390/1165/292 386/1166/292 387/1167/292 391/1168/292
vt 0.000000 0.500000
vt 0.250000 0.500000
vt 0.250000 0.250000
vt 0.000000 0.250000
vn 0.000000 1.000000 0.000000
f 392/1169/293 391/1170/293 387/1171/293 388/1172/293
vt 0.000000 0.500000
vt 0.250000 0.500000
vt 0.250000 0.250000
vt 0.000000 0.250000
vn 0.000000 -1.000000 0.000000
f 385/1173/294 386/1174/294 390/1175/294 389/1176/294
# part: spine_seg2_mid_flank_left
v 0.062500 0.877500 0.325000
v 0.187500 0.877500 0.325000
v 0.187500 1.096250 0.325000
v 0.062500 1.096250 0.325000
v 0.062500 0.877500 0.450000
v 0.187500 0.877500 0.450000
v 0.187500 1.096250 0.450000
v 0.062500 1.096250 0.450000
vt 0.000000 1.000000
vt 0.250000 1.000000
vt 0.250000 0.750000
vt 0.000000 0.750000
vn 0.000000 0.000000 1.000000
usemtl skull_fiend_atlas
f 397/1177/295 398/1178/295 399/1179/295 400/1180/295
vt 0.000000 1.000000
vt 0.250000 1.000000
vt 0.250000 0.750000
vt 0.000000 0.750000
vn 0.000000 0.000000 -1.000000
f 394/1181/296 393/1182/296 396/1183/296 395/1184/296
vt 0.000000 1.000000
vt 0.250000 1.000000
vt 0.250000 0.750000
vt 0.000000 0.750000
vn -1.000000 0.000000 0.000000
f 393/1185/297 397/1186/297 400/1187/297 396/1188/297
vt 0.000000 1.000000
vt 0.250000 1.000000
vt 0.250000 0.750000
vt 0.000000 0.750000
vn 1.000000 0.000000 0.000000
f 398/1189/298 394/1190/298 395/1191/298 399/1192/298
vt 0.000000 1.000000
vt 0.250000 1.000000
vt 0.250000 0.750000
vt 0.000000 0.750000
vn 0.000000 1.000000 0.000000
f 400/1193/299 399/1194/299 395/1195/299 396/1196/299
vt 0.000000 1.000000
vt 0.250000 1.000000
vt 0.250000 0.750000
vt 0.000000 0.750000
vn 0.000000 -1.000000 0.000000
f 393/1197/300 394/1198/300 398/1199/300 397/1200/300
# part: spine_seg3_tip_flank_left
v 0.006250 1.098750 0.318750
v 0.068750 1.098750 0.318750
v 0.068750 1.317500 0.318750
v 0.006250 1.317500 0.318750
v 0.006250 1.098750 0.381250
v 0.068750 1.098750 0.381250
v 0.068750 1.317500 0.381250
v 0.006250 1.317500 0.381250
vt 0.750000 0.500000
vt 1.000000 0.500000
vt 1.000000 0.250000
vt 0.750000 0.250000
vn 0.000000 0.000000 1.000000
usemtl skull_fiend_atlas
f 405/1201/301 406/1202/301 407/1203/301 408/1204/301
vt 0.750000 0.500000
vt 1.000000 0.500000
vt 1.000000 0.250000
vt 0.750000 0.250000
vn 0.000000 0.000000 -1.000000
f 402/1205/302 401/1206/302 404/1207/302 403/1208/302
vt 0.750000 0.500000
vt 1.000000 0.500000
vt 1.000000 0.250000
vt 0.750000 0.250000
vn -1.000000 0.000000 0.000000
f 401/1209/303 405/1210/303 408/1211/303 404/1212/303
vt 0.750000 0.500000
vt 1.000000 0.500000
vt 1.000000 0.250000
vt 0.750000 0.250000
vn 1.000000 0.000000 0.000000
f 406/1213/304 402/1214/304 403/1215/304 407/1216/304
vt 0.750000 0.500000
vt 1.000000 0.500000
vt 1.000000 0.250000
vt 0.750000 0.250000
vn 0.000000 1.000000 0.000000
f 408/1217/305 407/1218/305 403/1219/305 404/1220/305
vt 0.750000 0.500000
vt 1.000000 0.500000
vt 1.000000 0.250000
vt 0.750000 0.250000
vn 0.000000 -1.000000 0.000000
f 401/1221/306 402/1222/306 406/1223/306 405/1224/306
# part: spine_seg1_base_flank_right
v 0.693750 0.656250 0.331250
v 0.881250 0.656250 0.331250
v 0.881250 0.875000 0.331250
v 0.693750 0.875000 0.331250
v 0.693750 0.656250 0.518750
v 0.881250 0.656250 0.518750
v 0.881250 0.875000 0.518750
v 0.693750 0.875000 0.518750
vt 0.000000 0.500000
vt 0.250000 0.500000
vt 0.250000 0.250000
vt 0.000000 0.250000
vn 0.000000 0.000000 1.000000
usemtl skull_fiend_atlas
f 413/1225/307 414/1226/307 415/1227/307 416/1228/307
vt 0.000000 0.500000
vt 0.250000 0.500000
vt 0.250000 0.250000
vt 0.000000 0.250000
vn 0.000000 0.000000 -1.000000
f 410/1229/308 409/1230/308 412/1231/308 411/1232/308
vt 0.000000 0.500000
vt 0.250000 0.500000
vt 0.250000 0.250000
vt 0.000000 0.250000
vn -1.000000 0.000000 0.000000
f 409/1233/309 413/1234/309 416/1235/309 412/1236/309
vt 0.000000 0.500000
vt 0.250000 0.500000
vt 0.250000 0.250000
vt 0.000000 0.250000
vn 1.000000 0.000000 0.000000
f 414/1237/310 410/1238/310 411/1239/310 415/1240/310
vt 0.000000 0.500000
vt 0.250000 0.500000
vt 0.250000 0.250000
vt 0.000000 0.250000
vn 0.000000 1.000000 0.000000
f 416/1241/311 415/1242/311 411/1243/311 412/1244/311
vt 0.000000 0.500000
vt 0.250000 0.500000
vt 0.250000 0.250000
vt 0.000000 0.250000
vn 0.000000 -1.000000 0.000000
f 409/1245/312 410/1246/312 414/1247/312 413/1248/312
# part: spine_seg2_mid_flank_right
v 0.812500 0.877500 0.325000
v 0.937500 0.877500 0.325000
v 0.937500 1.096250 0.325000
v 0.812500 1.096250 0.325000
v 0.812500 0.877500 0.450000
v 0.937500 0.877500 0.450000
v 0.937500 1.096250 0.450000
v 0.812500 1.096250 0.450000
vt 0.000000 1.000000
vt 0.250000 1.000000
vt 0.250000 0.750000
vt 0.000000 0.750000
vn 0.000000 0.000000 1.000000
usemtl skull_fiend_atlas
f 421/1249/313 422/1250/313 423/1251/313 424/1252/313
vt 0.000000 1.000000
vt 0.250000 1.000000
vt 0.250000 0.750000
vt 0.000000 0.750000
vn 0.000000 0.000000 -1.000000
f 418/1253/314 417/1254/314 420/1255/314 419/1256/314
vt 0.000000 1.000000
vt 0.250000 1.000000
vt 0.250000 0.750000
vt 0.000000 0.750000
vn -1.000000 0.000000 0.000000
f 417/1257/315 421/1258/315 424/1259/315 420/1260/315
vt 0.000000 1.000000
vt 0.250000 1.000000
vt 0.250000 0.750000
vt 0.000000 0.750000
vn 1.000000 0.000000 0.000000
f 422/1261/316 418/1262/316 419/1263/316 423/1264/316
vt 0.000000 1.000000
vt 0.250000 1.000000
vt 0.250000 0.750000
vt 0.000000 0.750000
vn 0.000000 1.000000 0.000000
f 424/1265/317 423/1266/317 419/1267/317 420/1268/317
vt 0.000000 1.000000
vt 0.250000 1.000000
vt 0.250000 0.750000
vt 0.000000 0.750000
vn 0.000000 -1.000000 0.000000
f 417/1269/318 418/1270/318 422/1271/318 421/1272/318
# part: spine_seg3_tip_flank_right
v 0.931250 1.098750 0.318750
v 0.993750 1.098750 0.318750
v 0.993750 1.317500 0.318750
v 0.931250 1.317500 0.318750
v 0.931250 1.098750 0.381250
v 0.993750 1.098750 0.381250
v 0.993750 1.317500 0.381250
v 0.931250 1.317500 0.381250
vt 0.750000 0.500000
vt 1.000000 0.500000
vt 1.000000 0.250000
vt 0.750000 0.250000
vn 0.000000 0.000000 1.000000
usemtl skull_fiend_atlas
f 429/1273/319 430/1274/319 431/1275/319 432/1276/319
vt 0.750000 0.500000
vt 1.000000 0.500000
vt 1.000000 0.250000
vt 0.750000 0.250000
vn 0.000000 0.000000 -1.000000
f 426/1277/320 425/1278/320 428/1279/320 427/1280/320
vt 0.750000 0.500000
vt 1.000000 0.500000
vt 1.000000 0.250000
vt 0.750000 0.250000
vn -1.000000 0.000000 0.000000
f 425/1281/321 429/1282/321 432/1283/321 428/1284/321
vt 0.750000 0.500000
vt 1.000000 0.500000
vt 1.000000 0.250000
vt 0.750000 0.250000
vn 1.000000 0.000000 0.000000
f 430/1285/322 426/1286/322 427/1287/322 431/1288/322
vt 0.750000 0.500000
vt 1.000000 0.500000
vt 1.000000 0.250000
vt 0.750000 0.250000
vn 0.000000 1.000000 0.000000
f 432/1289/323 431/1290/323 427/1291/323 428/1292/323
vt 0.750000 0.500000
vt 1.000000 0.500000
vt 1.000000 0.250000
vt 0.750000 0.250000
vn 0.000000 -1.000000 0.000000
f 425/1293/324 426/1294/324 430/1295/324 429/1296/324
# part: spine_seg1_base_rear_left
v 0.268750 0.531250 0.168750
v 0.456250 0.531250 0.168750
v 0.456250 0.750000 0.168750
v 0.268750 0.750000 0.168750
v 0.268750 0.531250 0.356250
v 0.456250 0.531250 0.356250
v 0.456250 0.750000 0.356250
v 0.268750 0.750000 0.356250
vt 0.000000 0.500000
vt 0.250000 0.500000
vt 0.250000 0.250000
vt 0.000000 0.250000
vn 0.000000 0.000000 1.000000
usemtl skull_fiend_atlas
f 437/1297/325 438/1298/325 439/1299/325 440/1300/325
vt 0.000000 0.500000
vt 0.250000 0.500000
vt 0.250000 0.250000
vt 0.000000 0.250000
vn 0.000000 0.000000 -1.000000
f 434/1301/326 433/1302/326 436/1303/326 435/1304/326
vt 0.000000 0.500000
vt 0.250000 0.500000
vt 0.250000 0.250000
vt 0.000000 0.250000
vn -1.000000 0.000000 0.000000
f 433/1305/327 437/1306/327 440/1307/327 436/1308/327
vt 0.000000 0.500000
vt 0.250000 0.500000
vt 0.250000 0.250000
vt 0.000000 0.250000
vn 1.000000 0.000000 0.000000
f 438/1309/328 434/1310/328 435/1311/328 439/1312/328
vt 0.000000 0.500000
vt 0.250000 0.500000
vt 0.250000 0.250000
vt 0.000000 0.250000
vn 0.000000 1.000000 0.000000
f 440/1313/329 439/1314/329 435/1315/329 436/1316/329
vt 0.000000 0.500000
vt 0.250000 0.500000
vt 0.250000 0.250000
vt 0.000000 0.250000
vn 0.000000 -1.000000 0.000000
f 433/1317/330 434/1318/330 438/1319/330 437/1320/330
# part: spine_seg2_mid_rear_left
v 0.253125 0.752500 0.121875
v 0.378125 0.752500 0.121875
v 0.378125 0.971250 0.121875
v 0.253125 0.971250 0.121875
v 0.253125 0.752500 0.246875
v 0.378125 0.752500 0.246875
v 0.378125 0.971250 0.246875
v 0.253125 0.971250 0.246875
vt 0.000000 1.000000
vt 0.250000 1.000000
vt 0.250000 0.750000
vt 0.000000 0.750000
vn 0.000000 0.000000 1.000000
usemtl skull_fiend_atlas
f 445/1321/331 446/1322/331 447/1323/331 448/1324/331
vt 0.000000 1.000000
vt 0.250000 1.000000
vt 0.250000 0.750000
vt 0.000000 0.750000
vn 0.000000 0.000000 -1.000000
f 442/1325/332 441/1326/332 444/1327/332 443/1328/332
vt 0.000000 1.000000
vt 0.250000 1.000000
vt 0.250000 0.750000
vt 0.000000 0.750000
vn -1.000000 0.000000 0.000000
f 441/1329/333 445/1330/333 448/1331/333 444/1332/333
vt 0.000000 1.000000
vt 0.250000 1.000000
vt 0.250000 0.750000
vt 0.000000 0.750000
vn 1.000000 0.000000 0.000000
f 446/1333/334 442/1334/334 443/1335/334 447/1336/334
vt 0.000000 1.000000
vt 0.250000 1.000000
vt 0.250000 0.750000
vt 0.000000 0.750000
vn 0.000000 1.000000 0.000000
f 448/1337/335 447/1338/335 443/1339/335 444/1340/335
vt 0.000000 1.000000
vt 0.250000 1.000000
vt 0.250000 0.750000
vt 0.000000 0.750000
vn 0.000000 -1.000000 0.000000
f 441/1341/336 442/1342/336 446/1343/336 445/1344/336
# part: spine_seg3_tip_rear_left
v 0.237500 0.973750 0.075000
v 0.300000 0.973750 0.075000
v 0.300000 1.192500 0.075000
v 0.237500 1.192500 0.075000
v 0.237500 0.973750 0.137500
v 0.300000 0.973750 0.137500
v 0.300000 1.192500 0.137500
v 0.237500 1.192500 0.137500
vt 0.750000 0.500000
vt 1.000000 0.500000
vt 1.000000 0.250000
vt 0.750000 0.250000
vn 0.000000 0.000000 1.000000
usemtl skull_fiend_atlas
f 453/1345/337 454/1346/337 455/1347/337 456/1348/337
vt 0.750000 0.500000
vt 1.000000 0.500000
vt 1.000000 0.250000
vt 0.750000 0.250000
vn 0.000000 0.000000 -1.000000
f 450/1349/338 449/1350/338 452/1351/338 451/1352/338
vt 0.750000 0.500000
vt 1.000000 0.500000
vt 1.000000 0.250000
vt 0.750000 0.250000
vn -1.000000 0.000000 0.000000
f 449/1353/339 453/1354/339 456/1355/339 452/1356/339
vt 0.750000 0.500000
vt 1.000000 0.500000
vt 1.000000 0.250000
vt 0.750000 0.250000
vn 1.000000 0.000000 0.000000
f 454/1357/340 450/1358/340 451/1359/340 455/1360/340
vt 0.750000 0.500000
vt 1.000000 0.500000
vt 1.000000 0.250000
vt 0.750000 0.250000
vn 0.000000 1.000000 0.000000
f 456/1361/341 455/1362/341 451/1363/341 452/1364/341
vt 0.750000 0.500000
vt 1.000000 0.500000
vt 1.000000 0.250000
vt 0.750000 0.250000
vn 0.000000 -1.000000 0.000000
f 449/1365/342 450/1366/342 454/1367/342 453/1368/342
# part: spine_seg1_base_rear_right
v 0.543750 0.531250 0.168750
v 0.731250 0.531250 0.168750
v 0.731250 0.750000 0.168750
v 0.543750 0.750000 0.168750
v 0.543750 0.531250 0.356250
v 0.731250 0.531250 0.356250
v 0.731250 0.750000 0.356250
v 0.543750 0.750000 0.356250
vt 0.000000 0.500000
vt 0.250000 0.500000
vt 0.250000 0.250000
vt 0.000000 0.250000
vn 0.000000 0.000000 1.000000
usemtl skull_fiend_atlas
f 461/1369/343 462/1370/343 463/1371/343 464/1372/343
vt 0.000000 0.500000
vt 0.250000 0.500000
vt 0.250000 0.250000
vt 0.000000 0.250000
vn 0.000000 0.000000 -1.000000
f 458/1373/344 457/1374/344 460/1375/344 459/1376/344
vt 0.000000 0.500000
vt 0.250000 0.500000
vt 0.250000 0.250000
vt 0.000000 0.250000
vn -1.000000 0.000000 0.000000
f 457/1377/345 461/1378/345 464/1379/345 460/1380/345
vt 0.000000 0.500000
vt 0.250000 0.500000
vt 0.250000 0.250000
vt 0.000000 0.250000
vn 1.000000 0.000000 0.000000
f 462/1381/346 458/1382/346 459/1383/346 463/1384/346
vt 0.000000 0.500000
vt 0.250000 0.500000
vt 0.250000 0.250000
vt 0.000000 0.250000
vn 0.000000 1.000000 0.000000
f 464/1385/347 463/1386/347 459/1387/347 460/1388/347
vt 0.000000 0.500000
vt 0.250000 0.500000
vt 0.250000 0.250000
vt 0.000000 0.250000
vn 0.000000 -1.000000 0.000000
f 457/1389/348 458/1390/348 462/1391/348 461/1392/348
# part: spine_seg2_mid_rear_right
v 0.621875 0.752500 0.121875
v 0.746875 0.752500 0.121875
v 0.746875 0.971250 0.121875
v 0.621875 0.971250 0.121875
v 0.621875 0.752500 0.246875
v 0.746875 0.752500 0.246875
v 0.746875 0.971250 0.246875
v 0.621875 0.971250 0.246875
vt 0.000000 1.000000
vt 0.250000 1.000000
vt 0.250000 0.750000
vt 0.000000 0.750000
vn 0.000000 0.000000 1.000000
usemtl skull_fiend_atlas
f 469/1393/349 470/1394/349 471/1395/349 472/1396/349
vt 0.000000 1.000000
vt 0.250000 1.000000
vt 0.250000 0.750000
vt 0.000000 0.750000
vn 0.000000 0.000000 -1.000000
f 466/1397/350 465/1398/350 468/1399/350 467/1400/350
vt 0.000000 1.000000
vt 0.250000 1.000000
vt 0.250000 0.750000
vt 0.000000 0.750000
vn -1.000000 0.000000 0.000000
f 465/1401/351 469/1402/351 472/1403/351 468/1404/351
vt 0.000000 1.000000
vt 0.250000 1.000000
vt 0.250000 0.750000
vt 0.000000 0.750000
vn 1.000000 0.000000 0.000000
f 470/1405/352 466/1406/352 467/1407/352 471/1408/352
vt 0.000000 1.000000
vt 0.250000 1.000000
vt 0.250000 0.750000
vt 0.000000 0.750000
vn 0.000000 1.000000 0.000000
f 472/1409/353 471/1410/353 467/1411/353 468/1412/353
vt 0.000000 1.000000
vt 0.250000 1.000000
vt 0.250000 0.750000
vt 0.000000 0.750000
vn 0.000000 -1.000000 0.000000
f 465/1413/354 466/1414/354 470/1415/354 469/1416/354
# part: spine_seg3_tip_rear_right
v 0.700000 0.973750 0.075000
v 0.762500 0.973750 0.075000
v 0.762500 1.192500 0.075000
v 0.700000 1.192500 0.075000
v 0.700000 0.973750 0.137500
v 0.762500 0.973750 0.137500
v 0.762500 1.192500 0.137500
v 0.700000 1.192500 0.137500
vt 0.750000 0.500000
vt 1.000000 0.500000
vt 1.000000 0.250000
vt 0.750000 0.250000
vn 0.000000 0.000000 1.000000
usemtl skull_fiend_atlas
f 477/1417/355 478/1418/355 479/1419/355 480/1420/355
vt 0.750000 0.500000
vt 1.000000 0.500000
vt 1.000000 0.250000
vt 0.750000 0.250000
vn 0.000000 0.000000 -1.000000
f 474/1421/356 473/1422/356 476/1423/356 475/1424/356
vt 0.750000 0.500000
vt 1.000000 0.500000
vt 1.000000 0.250000
vt 0.750000 0.250000
vn -1.000000 0.000000 0.000000
f 473/1425/357 477/1426/357 480/1427/357 476/1428/357
vt 0.750000 0.500000
vt 1.000000 0.500000
vt 1.000000 0.250000
vt 0.750000 0.250000
vn 1.000000 0.000000 0.000000
f 478/1429/358 474/1430/358 475/1431/358 479/1432/358
vt 0.750000 0.500000
vt 1.000000 0.500000
vt 1.000000 0.250000
vt 0.750000 0.250000
vn 0.000000 1.000000 0.000000
f 480/1433/359 479/1434/359 475/1435/359 476/1436/359
vt 0.750000 0.500000
vt 1.000000 0.500000
vt 1.000000 0.250000
vt 0.750000 0.250000
vn 0.000000 -1.000000 0.000000
f 473/1437/360 474/1438/360 478/1439/360 477/1440/360
# part: spine_seg1_base_rear_center
v 0.406250 0.468750 0.143750
v 0.593750 0.468750 0.143750
v 0.593750 0.687500 0.143750
v 0.406250 0.687500 0.143750
v 0.406250 0.468750 0.331250
v 0.593750 0.468750 0.331250
v 0.593750 0.687500 0.331250
v 0.406250 0.687500 0.331250
vt 0.000000 0.500000
vt 0.250000 0.500000
vt 0.250000 0.250000
vt 0.000000 0.250000
vn 0.000000 0.000000 1.000000
usemtl skull_fiend_atlas
f 485/1441/361 486/1442/361 487/1443/361 488/1444/361
vt 0.000000 0.500000
vt 0.250000 0.500000
vt 0.250000 0.250000
vt 0.000000 0.250000
vn 0.000000 0.000000 -1.000000
f 482/1445/362 481/1446/362 484/1447/362 483/1448/362
vt 0.000000 0.500000
vt 0.250000 0.500000
vt 0.250000 0.250000
vt 0.000000 0.250000
vn -1.000000 0.000000 0.000000
f 481/1449/363 485/1450/363 488/1451/363 484/1452/363
vt 0.000000 0.500000
vt 0.250000 0.500000
vt 0.250000 0.250000
vt 0.000000 0.250000
vn 1.000000 0.000000 0.000000
f 486/1453/364 482/1454/364 483/1455/364 487/1456/364
vt 0.000000 0.500000
vt 0.250000 0.500000
vt 0.250000 0.250000
vt 0.000000 0.250000
vn 0.000000 1.000000 0.000000
f 488/1457/365 487/1458/365 483/1459/365 484/1460/365
vt 0.000000 0.500000
vt 0.250000 0.500000
vt 0.250000 0.250000
vt 0.000000 0.250000
vn 0.000000 -1.000000 0.000000
f 481/1461/366 482/1462/366 486/1463/366 485/1464/366
# part: spine_seg2_mid_rear_center
v 0.437500 0.690000 0.087500
v 0.562500 0.690000 0.087500
v 0.562500 0.908750 0.087500
v 0.437500 0.908750 0.087500
v 0.437500 0.690000 0.212500
v 0.562500 0.690000 0.212500
v 0.562500 0.908750 0.212500
v 0.437500 0.908750 0.212500
vt 0.000000 1.000000
vt 0.250000 1.000000
vt 0.250000 0.750000
vt 0.000000 0.750000
vn 0.000000 0.000000 1.000000
usemtl skull_fiend_atlas
f 493/1465/367 494/1466/367 495/1467/367 496/1468/367
vt 0.000000 1.000000
vt 0.250000 1.000000
vt 0.250000 0.750000
vt 0.000000 0.750000
vn 0.000000 0.000000 -1.000000
f 490/1469/368 489/1470/368 492/1471/368 491/1472/368
vt 0.000000 1.000000
vt 0.250000 1.000000
vt 0.250000 0.750000
vt 0.000000 0.750000
vn -1.000000 0.000000 0.000000
f 489/1473/369 493/1474/369 496/1475/369 492/1476/369
vt 0.000000 1.000000
vt 0.250000 1.000000
vt 0.250000 0.750000
vt 0.000000 0.750000
vn 1.000000 0.000000 0.000000
f 494/1477/370 490/1478/370 491/1479/370 495/1480/370
vt 0.000000 1.000000
vt 0.250000 1.000000
vt 0.250000 0.750000
vt 0.000000 0.750000
vn 0.000000 1.000000 0.000000
f 496/1481/371 495/1482/371 491/1483/371 492/1484/371
vt 0.000000 1.000000
vt 0.250000 1.000000
vt 0.250000 0.750000
vt 0.000000 0.750000
vn 0.000000 -1.000000 0.000000
f 489/1485/372 490/1486/372 494/1487/372 493/1488/372
# part: spine_seg3_tip_rear_center
v 0.468750 0.911250 0.031250
v 0.531250 0.911250 0.031250
v 0.531250 1.130000 0.031250
v 0.468750 1.130000 0.031250
v 0.468750 0.911250 0.093750
v 0.531250 0.911250 0.093750
v 0.531250 1.130000 0.093750
v 0.468750 1.130000 0.093750
vt 0.750000 0.500000
vt 1.000000 0.500000
vt 1.000000 0.250000
vt 0.750000 0.250000
vn 0.000000 0.000000 1.000000
usemtl skull_fiend_atlas
f 501/1489/373 502/1490/373 503/1491/373 504/1492/373
vt 0.750000 0.500000
vt 1.000000 0.500000
vt 1.000000 0.250000
vt 0.750000 0.250000
vn 0.000000 0.000000 -1.000000
f 498/1493/374 497/1494/374 500/1495/374 499/1496/374
vt 0.750000 0.500000
vt 1.000000 0.500000
vt 1.000000 0.250000
vt 0.750000 0.250000
vn -1.000000 0.000000 0.000000
f 497/1497/375 501/1498/375 504/1499/375 500/1500/375
vt 0.750000 0.500000
vt 1.000000 0.500000
vt 1.000000 0.250000
vt 0.750000 0.250000
vn 1.000000 0.000000 0.000000
f 502/1501/376 498/1502/376 499/1503/376 503/1504/376
vt 0.750000 0.500000
vt 1.000000 0.500000
vt 1.000000 0.250000
vt 0.750000 0.250000
vn 0.000000 1.000000 0.000000
f 504/1505/377 503/1506/377 499/1507/377 500/1508/377
vt 0.750000 0.500000
vt 1.000000 0.500000
vt 1.000000 0.250000
vt 0.750000 0.250000
vn 0.000000 -1.000000 0.000000
f 497/1509/378 498/1510/378 502/1511/378 501/1512/378
# part: rib_vert_spine_seg_0
v 0.412500 0.218750 0.300000
v 0.587500 0.218750 0.300000
v 0.587500 0.356250 0.300000
v 0.412500 0.356250 0.300000
v 0.412500 0.218750 0.425000
v 0.587500 0.218750 0.425000
v 0.587500 0.356250 0.425000
v 0.412500 0.356250 0.425000
vt 0.000000 0.500000
vt 0.250000 0.500000
vt 0.250000 0.250000
vt 0.000000 0.250000
vn 0.000000 0.000000 1.000000
usemtl skull_fiend_atlas
f 509/1513/379 510/1514/379 511/1515/379 512/1516/379
vt 0.000000 0.500000
vt 0.250000 0.500000
vt 0.250000 0.250000
vt 0.000000 0.250000
vn 0.000000 0.000000 -1.000000
f 506/1517/380 505/1518/380 508/1519/380 507/1520/380
vt 0.000000 0.500000
vt 0.250000 0.500000
vt 0.250000 0.250000
vt 0.000000 0.250000
vn -1.000000 0.000000 0.000000
f 505/1521/381 509/1522/381 512/1523/381 508/1524/381
vt 0.000000 0.500000
vt 0.250000 0.500000
vt 0.250000 0.250000
vt 0.000000 0.250000
vn 1.000000 0.000000 0.000000
f 510/1525/382 506/1526/382 507/1527/382 511/1528/382
vt 0.000000 0.500000
vt 0.250000 0.500000
vt 0.250000 0.250000
vt 0.000000 0.250000
vn 0.000000 1.000000 0.000000
f 512/1529/383 511/1530/383 507/1531/383 508/1532/383
vt 0.000000 0.500000
vt 0.250000 0.500000
vt 0.250000 0.250000
vt 0.000000 0.250000
vn 0.000000 -1.000000 0.000000
f 505/1533/384 506/1534/384 510/1535/384 509/1536/384
# part: rib_vert_spine_seg_1
v 0.412500 0.062500 0.300000
v 0.587500 0.062500 0.300000
v 0.587500 0.200000 0.300000
v 0.412500 0.200000 0.300000
v 0.412500 0.062500 0.425000
v 0.587500 0.062500 0.425000
v 0.587500 0.200000 0.425000
v 0.412500 0.200000 0.425000
vt 0.000000 0.500000
vt 0.250000 0.500000
vt 0.250000 0.250000
vt 0.000000 0.250000
vn 0.000000 0.000000 1.000000
usemtl skull_fiend_atlas
f 517/1537/385 518/1538/385 519/1539/385 520/1540/385
vt 0.000000 0.500000
vt 0.250000 0.500000
vt 0.250000 0.250000
vt 0.000000 0.250000
vn 0.000000 0.000000 -1.000000
f 514/1541/386 513/1542/386 516/1543/386 515/1544/386
vt 0.000000 0.500000
vt 0.250000 0.500000
vt 0.250000 0.250000
vt 0.000000 0.250000
vn -1.000000 0.000000 0.000000
f 513/1545/387 517/1546/387 520/1547/387 516/1548/387
vt 0.000000 0.500000
vt 0.250000 0.500000
vt 0.250000 0.250000
vt 0.000000 0.250000
vn 1.000000 0.000000 0.000000
f 518/1549/388 514/1550/388 515/1551/388 519/1552/388
vt 0.000000 0.500000
vt 0.250000 0.500000
vt 0.250000 0.250000
vt 0.000000 0.250000
vn 0.000000 1.000000 0.000000
f 520/1553/389 519/1554/389 515/1555/389 516/1556/389
vt 0.000000 0.500000
vt 0.250000 0.500000
vt 0.250000 0.250000
vt 0.000000 0.250000
vn 0.000000 -1.000000 0.000000
f 513/1557/390 514/1558/390 518/1559/390 517/1560/390
# part: rib_vert_spine_seg_2
v 0.412500 -0.093750 0.300000
v 0.587500 -0.093750 0.300000
v 0.587500 0.043750 0.300000
v 0.412500 0.043750 0.300000
v 0.412500 -0.093750 0.425000
v 0.587500 -0.093750 0.425000
v 0.587500 0.043750 0.425000
v 0.412500 0.043750 0.425000
vt 0.000000 0.500000
vt 0.250000 0.500000
vt 0.250000 0.250000
vt 0.000000 0.250000
vn 0.000000 0.000000 1.000000
usemtl skull_fiend_atlas
f 525/1561/391 526/1562/391 527/1563/391 528/1564/391
vt 0.000000 0.500000
vt 0.250000 0.500000
vt 0.250000 0.250000
vt 0.000000 0.250000
vn 0.000000 0.000000 -1.000000
f 522/1565/392 521/1566/392 524/1567/392 523/1568/392
vt 0.000000 0.500000
vt 0.250000 0.500000
vt 0.250000 0.250000
vt 0.000000 0.250000
vn -1.000000 0.000000 0.000000
f 521/1569/393 525/1570/393 528/1571/393 524/1572/393
vt 0.000000 0.500000
vt 0.250000 0.500000
vt 0.250000 0.250000
vt 0.000000 0.250000
vn 1.000000 0.000000 0.000000
f 526/1573/394 522/1574/394 523/1575/394 527/1576/394
vt 0.000000 0.500000
vt 0.250000 0.500000
vt 0.250000 0.250000
vt 0.000000 0.250000
vn 0.000000 1.000000 0.000000
f 528/1577/395 527/1578/395 523/1579/395 524/1580/395
vt 0.000000 0.500000
vt 0.250000 0.500000
vt 0.250000 0.250000
vt 0.000000 0.250000
vn 0.000000 -1.000000 0.000000
f 521/1581/396 522/1582/396 526/1583/396 525/1584/396
# part: rib_vert_spine_seg_3
v 0.412500 -0.250000 0.300000
v 0.587500 -0.250000 0.300000
v 0.587500 -0.112500 0.300000
v 0.412500 -0.112500 0.300000
v 0.412500 -0.250000 0.425000
v 0.587500 -0.250000 0.425000
v 0.587500 -0.112500 0.425000
v 0.412500 -0.112500 0.425000
vt 0.000000 0.500000
vt 0.250000 0.500000
vt 0.250000 0.250000
vt 0.000000 0.250000
vn 0.000000 0.000000 1.000000
usemtl skull_fiend_atlas
f 533/1585/397 534/1586/397 535/1587/397 536/1588/397
vt 0.000000 0.500000
vt 0.250000 0.500000
vt 0.250000 0.250000
vt 0.000000 0.250000
vn 0.000000 0.000000 -1.000000
f 530/1589/398 529/1590/398 532/1591/398 531/1592/398
vt 0.000000 0.500000
vt 0.250000 0.500000
vt 0.250000 0.250000
vt 0.000000 0.250000
vn -1.000000 0.000000 0.000000
f 529/1593/399 533/1594/399 536/1595/399 532/1596/399
vt 0.000000 0.500000
vt 0.250000 0.500000
vt 0.250000 0.250000
vt 0.000000 0.250000
vn 1.000000 0.000000 0.000000
f 534/1597/400 530/1598/400 531/1599/400 535/1600/400
vt 0.000000 0.500000
vt 0.250000 0.500000
vt 0.250000 0.250000
vt 0.000000 0.250000
vn 0.000000 1.000000 0.000000
f 536/1601/401 535/1602/401 531/1603/401 532/1604/401
vt 0.000000 0.500000
vt 0.250000 0.500000
vt 0.250000 0.250000
vt 0.000000 0.250000
vn 0.000000 -1.000000 0.000000
f 529/1605/402 530/1606/402 534/1607/402 533/1608/402
# part: rib_arc_h_l_0
v 0.112500 0.300000 0.306250
v 0.410000 0.300000 0.306250
v 0.410000 0.362500 0.306250
v 0.112500 0.362500 0.306250
v 0.112500 0.300000 0.368750
v 0.410000 0.300000 0.368750
v 0.410000 0.362500 0.368750
v 0.112500 0.362500 0.368750
vt 0.000000 1.000000
vt 0.250000 1.000000
vt 0.250000 0.750000
vt 0.000000 0.750000
vn 0.000000 0.000000 1.000000
usemtl skull_fiend_atlas
f 541/1609/403 542/1610/403 543/1611/403 544/1612/403
vt 0.000000 1.000000
vt 0.250000 1.000000
vt 0.250000 0.750000
vt 0.000000 0.750000
vn 0.000000 0.000000 -1.000000
f 538/1613/404 537/1614/404 540/1615/404 539/1616/404
vt 0.000000 1.000000
vt 0.250000 1.000000
vt 0.250000 0.750000
vt 0.000000 0.750000
vn -1.000000 0.000000 0.000000
f 537/1617/405 541/1618/405 544/1619/405 540/1620/405
vt 0.000000 1.000000
vt 0.250000 1.000000
vt 0.250000 0.750000
vt 0.000000 0.750000
vn 1.000000 0.000000 0.000000
f 542/1621/406 538/1622/406 539/1623/406 543/1624/406
vt 0.000000 1.000000
vt 0.250000 1.000000
vt 0.250000 0.750000
vt 0.000000 0.750000
vn 0.000000 1.000000 0.000000
f 544/1625/407 543/1626/407 539/1627/407 540/1628/407
vt 0.000000 1.000000
vt 0.250000 1.000000
vt 0.250000 0.750000
vt 0.000000 0.750000
vn 0.000000 -1.000000 0.000000
f 537/1629/408 538/1630/408 542/1631/408 541/1632/408
# part: rib_arc_down_l_0
v 0.112500 0.100000 0.318750
v 0.187500 0.100000 0.318750
v 0.187500 0.300000 0.318750
v 0.112500 0.300000 0.318750
v 0.112500 0.100000 0.356250
v 0.187500 0.100000 0.356250
v 0.187500 0.300000 0.356250
v 0.112500 0.300000 0.356250
vt 0.000000 1.000000
vt 0.250000 1.000000
vt 0.250000 0.750000
vt 0.000000 0.750000
vn 0.000000 0.000000 1.000000
usemtl skull_fiend_atlas
f 549/1633/409 550/1634/409 551/1635/409 552/1636/409
vt 0.000000 1.000000
vt 0.250000 1.000000
vt 0.250000 0.750000
vt 0.000000 0.750000
vn 0.000000 0.000000 -1.000000
f 546/1637/410 545/1638/410 548/1639/410 547/1640/410
vt 0.000000 1.000000
vt 0.250000 1.000000
vt 0.250000 0.750000
vt 0.000000 0.750000
vn -1.000000 0.000000 0.000000
f 545/1641/411 549/1642/411 552/1643/411 548/1644/411
vt 0.000000 1.000000
vt 0.250000 1.000000
vt 0.250000 0.750000
vt 0.000000 0.750000
vn 1.000000 0.000000 0.000000
f 550/1645/412 546/1646/412 547/1647/412 551/1648/412
vt 0.000000 1.000000
vt 0.250000 1.000000
vt 0.250000 0.750000
vt 0.000000 0.750000
vn 0.000000 1.000000 0.000000
f 552/1649/413 551/1650/413 547/1651/413 548/1652/413
vt 0.000000 1.000000
vt 0.250000 1.000000
vt 0.250000 0.750000
vt 0.000000 0.750000
vn 0.000000 -1.000000 0.000000
f 545/1653/414 546/1654/414 550/1655/414 549/1656/414
# part: rib_arc_h_r_0
v 0.590000 0.300000 0.306250
v 0.887500 0.300000 0.306250
v 0.887500 0.362500 0.306250
v 0.590000 0.362500 0.306250
v 0.590000 0.300000 0.368750
v 0.887500 0.300000 0.368750
v 0.887500 0.362500 0.368750
v 0.590000 0.362500 0.368750
vt 0.000000 1.000000
vt 0.250000 1.000000
vt 0.250000 0.750000
vt 0.000000 0.750000
vn 0.000000 0.000000 1.000000
usemtl skull_fiend_atlas
f 557/1657/415 558/1658/415 559/1659/415 560/1660/415
vt 0.000000 1.000000
vt 0.250000 1.000000
vt 0.250000 0.750000
vt 0.000000 0.750000
vn 0.000000 0.000000 -1.000000
f 554/1661/416 553/1662/416 556/1663/416 555/1664/416
vt 0.000000 1.000000
vt 0.250000 1.000000
vt 0.250000 0.750000
vt 0.000000 0.750000
vn -1.000000 0.000000 0.000000
f 553/1665/417 557/1666/417 560/1667/417 556/1668/417
vt 0.000000 1.000000
vt 0.250000 1.000000
vt 0.250000 0.750000
vt 0.000000 0.750000
vn 1.000000 0.000000 0.000000
f 558/1669/418 554/1670/418 555/1671/418 559/1672/418
vt 0.000000 1.000000
vt 0.250000 1.000000
vt 0.250000 0.750000
vt 0.000000 0.750000
vn 0.000000 1.000000 0.000000
f 560/1673/419 559/1674/419 555/1675/419 556/1676/419
vt 0.000000 1.000000
vt 0.250000 1.000000
vt 0.250000 0.750000
vt 0.000000 0.750000
vn 0.000000 -1.000000 0.000000
f 553/1677/420 554/1678/420 558/1679/420 557/1680/420
# part: rib_arc_down_r_0
v 0.812500 0.100000 0.318750
v 0.887500 0.100000 0.318750
v 0.887500 0.300000 0.318750
v 0.812500 0.300000 0.318750
v 0.812500 0.100000 0.356250
v 0.887500 0.100000 0.356250
v 0.887500 0.300000 0.356250
v 0.812500 0.300000 0.356250
vt 0.000000 1.000000
vt 0.250000 1.000000
vt 0.250000 0.750000
vt 0.000000 0.750000
vn 0.000000 0.000000 1.000000
usemtl skull_fiend_atlas
f 565/1681/421 566/1682/421 567/1683/421 568/1684/421
vt 0.000000 1.000000
vt 0.250000 1.000000
vt 0.250000 0.750000
vt 0.000000 0.750000
vn 0.000000 0.000000 -1.000000
f 562/1685/422 561/1686/422 564/1687/422 563/1688/422
vt 0.000000 1.000000
vt 0.250000 1.000000
vt 0.250000 0.750000
vt 0.000000 0.750000
vn -1.000000 0.000000 0.000000
f 561/1689/423 565/1690/423 568/1691/423 564/1692/423
vt 0.000000 1.000000
vt 0.250000 1.000000
vt 0.250000 0.750000
vt 0.000000 0.750000
vn 1.000000 0.000000 0.000000
f 566/1693/424 562/1694/424 563/1695/424 567/1696/424
vt 0.000000 1.000000
vt 0.250000 1.000000
vt 0.250000 0.750000
vt 0.000000 0.750000
vn 0.000000 1.000000 0.000000
f 568/1697/425 567/1698/425 563/1699/425 564/1700/425
vt 0.000000 1.000000
vt 0.250000 1.000000
vt 0.250000 0.750000
vt 0.000000 0.750000
vn 0.000000 -1.000000 0.000000
f 561/1701/426 562/1702/426 566/1703/426 565/1704/426
# part: rib_arc_h_l_1
v 0.156250 0.143750 0.337500
v 0.410000 0.143750 0.337500
v 0.410000 0.206250 0.337500
v 0.156250 0.206250 0.337500
v 0.156250 0.143750 0.400000
v 0.410000 0.143750 0.400000
v 0.410000 0.206250 0.400000
v 0.156250 0.206250 0.400000
vt 0.000000 1.000000
vt 0.250000 1.000000
vt 0.250000 0.750000
vt 0.000000 0.750000
vn 0.000000 0.000000 1.000000
usemtl skull_fiend_atlas
f 573/1705/427 574/1706/427 575/1707/427 576/1708/427
vt 0.000000 1.000000
vt 0.250000 1.000000
vt 0.250000 0.750000
vt 0.000000 0.750000
vn 0.000000 0.000000 -1.000000
f 570/1709/428 569/1710/428 572/1711/428 571/1712/428
vt 0.000000 1.000000
vt 0.250000 1.000000
vt 0.250000 0.750000
vt 0.000000 0.750000
vn -1.000000 0.000000 0.000000
f 569/1713/429 573/1714/429 576/1715/429 572/1716/429
vt 0.000000 1.000000
vt 0.250000 1.000000
vt 0.250000 0.750000
vt 0.000000 0.750000
vn 1.000000 0.000000 0.000000
f 574/1717/430 570/1718/430 571/1719/430 575/1720/430
vt 0.000000 1.000000
vt 0.250000 1.000000
vt 0.250000 0.750000
vt 0.000000 0.750000
vn 0.000000 1.000000 0.000000
f 576/1721/431 575/1722/431 571/1723/431 572/1724/431
vt 0.000000 1.000000
vt 0.250000 1.000000
vt 0.250000 0.750000
vt 0.000000 0.750000
vn 0.000000 -1.000000 0.000000
f 569/1725/432 570/1726/432 574/1727/432 573/1728/432
# part: rib_arc_down_l_1
v 0.156250 -0.043750 0.350000
v 0.231250 -0.043750 0.350000
v 0.231250 0.143750 0.350000
v 0.156250 0.143750 0.350000
v 0.156250 -0.043750 0.387500
v 0.231250 -0.043750 0.387500
v 0.231250 0.143750 0.387500
v 0.156250 0.143750 0.387500
vt 0.000000 1.000000
vt 0.250000 1.000000
vt 0.250000 0.750000
vt 0.000000 0.750000
vn 0.000000 0.000000 1.000000
usemtl skull_fiend_atlas
f 581/1729/433 582/1730/433 583/1731/433 584/1732/433
vt 0.000000 1.000000
vt 0.250000 1.000000
vt 0.250000 0.750000
vt 0.000000 0.750000
vn 0.000000 0.000000 -1.000000
f 578/1733/434 577/1734/434 580/1735/434 579/1736/434
vt 0.000000 1.000000
vt 0.250000 1.000000
vt 0.250000 0.750000
vt 0.000000 0.750000
vn -1.000000 0.000000 0.000000
f 577/1737/435 581/1738/435 584/1739/435 580/1740/435
vt 0.000000 1.000000
vt 0.250000 1.000000
vt 0.250000 0.750000
vt 0.000000 0.750000
vn 1.000000 0.000000 0.000000
f 582/1741/436 578/1742/436 579/1743/436 583/1744/436
vt 0.000000 1.000000
vt 0.250000 1.000000
vt 0.250000 0.750000
vt 0.000000 0.750000
vn 0.000000 1.000000 0.000000
f 584/1745/437 583/1746/437 579/1747/437 580/1748/437
vt 0.000000 1.000000
vt 0.250000 1.000000
vt 0.250000 0.750000
vt 0.000000 0.750000
vn 0.000000 -1.000000 0.000000
f 577/1749/438 578/1750/438 582/1751/438 581/1752/438
# part: rib_arc_h_r_1
v 0.590000 0.143750 0.337500
v 0.843750 0.143750 0.337500
v 0.843750 0.206250 0.337500
v 0.590000 0.206250 0.337500
v 0.590000 0.143750 0.400000
v 0.843750 0.143750 0.400000
v 0.843750 0.206250 0.400000
v 0.590000 0.206250 0.400000
vt 0.000000 1.000000
vt 0.250000 1.000000
vt 0.250000 0.750000
vt 0.000000 0.750000
vn 0.000000 0.000000 1.000000
usemtl skull_fiend_atlas
f 589/1753/439 590/1754/439 591/1755/439 592/1756/439
vt 0.000000 1.000000
vt 0.250000 1.000000
vt 0.250000 0.750000
vt 0.000000 0.750000
vn 0.000000 0.000000 -1.000000
f 586/1757/440 585/1758/440 588/1759/440 587/1760/440
vt 0.000000 1.000000
vt 0.250000 1.000000
vt 0.250000 0.750000
vt 0.000000 0.750000
vn -1.000000 0.000000 0.000000
f 585/1761/441 589/1762/441 592/1763/441 588/1764/441
vt 0.000000 1.000000
vt 0.250000 1.000000
vt 0.250000 0.750000
vt 0.000000 0.750000
vn 1.000000 0.000000 0.000000
f 590/1765/442 586/1766/442 587/1767/442 591/1768/442
vt 0.000000 1.000000
vt 0.250000 1.000000
vt 0.250000 0.750000
vt 0.000000 0.750000
vn 0.000000 1.000000 0.000000
f 592/1769/443 591/1770/443 587/1771/443 588/1772/443
vt 0.000000 1.000000
vt 0.250000 1.000000
vt 0.250000 0.750000
vt 0.000000 0.750000
vn 0.000000 -1.000000 0.000000
f 585/1773/444 586/1774/444 590/1775/444 589/1776/444
# part: rib_arc_down_r_1
v 0.768750 -0.043750 0.350000
v 0.843750 -0.043750 0.350000
v 0.843750 0.143750 0.350000
v 0.768750 0.143750 0.350000
v 0.768750 -0.043750 0.387500
v 0.843750 -0.043750 0.387500
v 0.843750 0.143750 0.387500
v 0.768750 0.143750 0.387500
vt 0.000000 1.000000
vt 0.250000 1.000000
vt 0.250000 0.750000
vt 0.000000 0.750000
vn 0.000000 0.000000 1.000000
usemtl skull_fiend_atlas
f 597/1777/445 598/1778/445 599/1779/445 600/1780/445
vt 0.000000 1.000000
vt 0.250000 1.000000
vt 0.250000 0.750000
vt 0.000000 0.750000
vn 0.000000 0.000000 -1.000000
f 594/1781/446 593/1782/446 596/1783/446 595/1784/446
vt 0.000000 1.000000
vt 0.250000 1.000000
vt 0.250000 0.750000
vt 0.000000 0.750000
vn -1.000000 0.000000 0.000000
f 593/1785/447 597/1786/447 600/1787/447 596/1788/447
vt 0.000000 1.000000
vt 0.250000 1.000000
vt 0.250000 0.750000
vt 0.000000 0.750000
vn 1.000000 0.000000 0.000000
f 598/1789/448 594/1790/448 595/1791/448 599/1792/448
vt 0.000000 1.000000
vt 0.250000 1.000000
vt 0.250000 0.750000
vt 0.000000 0.750000
vn 0.000000 1.000000 0.000000
f 600/1793/449 599/1794/449 595/1795/449 596/1796/449
vt 0.000000 1.000000
vt 0.250000 1.000000
vt 0.250000 0.750000
vt 0.000000 0.750000
vn 0.000000 -1.000000 0.000000
f 593/1797/450 594/1798/450 598/1799/450 597/1800/450
# part: rib_arc_h_l_2
v 0.218750 -0.012500 0.368750
v 0.410000 -0.012500 0.368750
v 0.410000 0.050000 0.368750
v 0.218750 0.050000 0.368750
v 0.218750 -0.012500 0.431250
v 0.410000 -0.012500 0.431250
v 0.410000 0.050000 0.431250
v 0.218750 0.050000 0.431250
vt 0.000000 1.000000
vt 0.250000 1.000000
vt 0.250000 0.750000
vt 0.000000 0.750000
vn 0.000000 0.000000 1.000000
usemtl skull_fiend_atlas
f 605/1801/451 606/1802/451 607/1803/451 608/1804/451
vt 0.000000 1.000000
vt 0.250000 1.000000
vt 0.250000 0.750000
vt 0.000000 0.750000
vn 0.000000 0.000000 -1.000000
f 602/1805/452 601/1806/452 604/1807/452 603/1808/452
vt 0.000000 1.000000
vt 0.250000 1.000000
vt 0.250000 0.750000
vt 0.000000 0.750000
vn -1.000000 0.000000 0.000000
f 601/1809/453 605/1810/453 608/1811/453 604/1812/453
vt 0.000000 1.000000
vt 0.250000 1.000000
vt 0.250000 0.750000
vt 0.000000 0.750000
vn 1.000000 0.000000 0.000000
f 606/1813/454 602/1814/454 603/1815/454 607/1816/454
vt 0.000000 1.000000
vt 0.250000 1.000000
vt 0.250000 0.750000
vt 0.000000 0.750000
vn 0.000000 1.000000 0.000000
f 608/1817/455 607/1818/455 603/1819/455 604/1820/455
vt 0.000000 1.000000
vt 0.250000 1.000000
vt 0.250000 0.750000
vt 0.000000 0.750000
vn 0.000000 -1.000000 0.000000
f 601/1821/456 602/1822/456 606/1823/456 605/1824/456
# part: rib_arc_down_l_2
v 0.218750 -0.175000 0.381250
v 0.293750 -0.175000 0.381250
v 0.293750 -0.012500 0.381250
v 0.218750 -0.012500 0.381250
v 0.218750 -0.175000 0.418750
v 0.293750 -0.175000 0.418750
v 0.293750 -0.012500 0.418750
v 0.218750 -0.012500 0.418750
vt 0.000000 1.000000
vt 0.250000 1.000000
vt 0.250000 0.750000
vt 0.000000 0.750000
vn 0.000000 0.000000 1.000000
usemtl skull_fiend_atlas
f 613/1825/457 614/1826/457 615/1827/457 616/1828/457
vt 0.000000 1.000000
vt 0.250000 1.000000
vt 0.250000 0.750000
vt 0.000000 0.750000
vn 0.000000 0.000000 -1.000000
f 610/1829/458 609/1830/458 612/1831/458 611/1832/458
vt 0.000000 1.000000
vt 0.250000 1.000000
vt 0.250000 0.750000
vt 0.000000 0.750000
vn -1.000000 0.000000 0.000000
f 609/1833/459 613/1834/459 616/1835/459 612/1836/459
vt 0.000000 1.000000
vt 0.250000 1.000000
vt 0.250000 0.750000
vt 0.000000 0.750000
vn 1.000000 0.000000 0.000000
f 614/1837/460 610/1838/460 611/1839/460 615/1840/460
vt 0.000000 1.000000
vt 0.250000 1.000000
vt 0.250000 0.750000
vt 0.000000 0.750000
vn 0.000000 1.000000 0.000000
f 616/1841/461 615/1842/461 611/1843/461 612/1844/461
vt 0.000000 1.000000
vt 0.250000 1.000000
vt 0.250000 0.750000
vt 0.000000 0.750000
vn 0.000000 -1.000000 0.000000
f 609/1845/462 610/1846/462 614/1847/462 613/1848/462
# part: rib_arc_h_r_2
v 0.590000 -0.012500 0.368750
v 0.781250 -0.012500 0.368750
v 0.781250 0.050000 0.368750
v 0.590000 0.050000 0.368750
v 0.590000 -0.012500 0.431250
v 0.781250 -0.012500 0.431250
v 0.781250 0.050000 0.431250
v 0.590000 0.050000 0.431250
vt 0.000000 1.000000
vt 0.250000 1.000000
vt 0.250000 0.750000
vt 0.000000 0.750000
vn 0.000000 0.000000 1.000000
usemtl skull_fiend_atlas
f 621/1849/463 622/1850/463 623/1851/463 624/1852/463
vt 0.000000 1.000000
vt 0.250000 1.000000
vt 0.250000 0.750000
vt 0.000000 0.750000
vn 0.000000 0.000000 -1.000000
f 618/1853/464 617/1854/464 620/1855/464 619/1856/464
vt 0.000000 1.000000
vt 0.250000 1.000000
vt 0.250000 0.750000
vt 0.000000 0.750000
vn -1.000000 0.000000 0.000000
f 617/1857/465 621/1858/465 624/1859/465 620/1860/465
vt 0.000000 1.000000
vt 0.250000 1.000000
vt 0.250000 0.750000
vt 0.000000 0.750000
vn 1.000000 0.000000 0.000000
f 622/1861/466 618/1862/466 619/1863/466 623/1864/466
vt 0.000000 1.000000
vt 0.250000 1.000000
vt 0.250000 0.750000
vt 0.000000 0.750000
vn 0.000000 1.000000 0.000000
f 624/1865/467 623/1866/467 619/1867/467 620/1868/467
vt 0.000000 1.000000
vt 0.250000 1.000000
vt 0.250000 0.750000
vt 0.000000 0.750000
vn 0.000000 -1.000000 0.000000
f 617/1869/468 618/1870/468 622/1871/468 621/1872/468
# part: rib_arc_down_r_2
v 0.706250 -0.175000 0.381250
v 0.781250 -0.175000 0.381250
v 0.781250 -0.012500 0.381250
v 0.706250 -0.012500 0.381250
v 0.706250 -0.175000 0.418750
v 0.781250 -0.175000 0.418750
v 0.781250 -0.012500 0.418750
v 0.706250 -0.012500 0.418750
vt 0.000000 1.000000
vt 0.250000 1.000000
vt 0.250000 0.750000
vt 0.000000 0.750000
vn 0.000000 0.000000 1.000000
usemtl skull_fiend_atlas
f 629/1873/469 630/1874/469 631/1875/469 632/1876/469
vt 0.000000 1.000000
vt 0.250000 1.000000
vt 0.250000 0.750000
vt 0.000000 0.750000
vn 0.000000 0.000000 -1.000000
f 626/1877/470 625/1878/470 628/1879/470 627/1880/470
vt 0.000000 1.000000
vt 0.250000 1.000000
vt 0.250000 0.750000
vt 0.000000 0.750000
vn -1.000000 0.000000 0.000000
f 625/1881/471 629/1882/471 632/1883/471 628/1884/471
vt 0.000000 1.000000
vt 0.250000 1.000000
vt 0.250000 0.750000
vt 0.000000 0.750000
vn 1.000000 0.000000 0.000000
f 630/1885/472 626/1886/472 627/1887/472 631/1888/472
vt 0.000000 1.000000
vt 0.250000 1.000000
vt 0.250000 0.750000
vt 0.000000 0.750000
vn 0.000000 1.000000 0.000000
f 632/1889/473 631/1890/473 627/1891/473 628/1892/473
vt 0.000000 1.000000
vt 0.250000 1.000000
vt 0.250000 0.750000
vt 0.000000 0.750000
vn 0.000000 -1.000000 0.000000
f 625/1893/474 626/1894/474 630/1895/474 629/1896/474
# part: side_skull_box_upper_l
v -0.137500 0.675000 0.431250
v 0.075000 0.675000 0.431250
v 0.075000 0.875000 0.431250
v -0.137500 0.875000 0.431250
v -0.137500 0.675000 0.631250
v 0.075000 0.675000 0.631250
v 0.075000 0.875000 0.631250
v -0.137500 0.875000 0.631250
vt 0.000000 1.000000
vt 0.250000 1.000000
vt 0.250000 0.750000
vt 0.000000 0.750000
vn 0.000000 0.000000 1.000000
usemtl skull_fiend_atlas
f 637/1897/475 638/1898/475 639/1899/475 640/1900/475
vt 0.000000 1.000000
vt 0.250000 1.000000
vt 0.250000 0.750000
vt 0.000000 0.750000
vn 0.000000 0.000000 -1.000000
f 634/1901/476 633/1902/476 636/1903/476 635/1904/476
vt 0.000000 1.000000
vt 0.250000 1.000000
vt 0.250000 0.750000
vt 0.000000 0.750000
vn -1.000000 0.000000 0.000000
f 633/1905/477 637/1906/477 640/1907/477 636/1908/477
vt 0.000000 1.000000
vt 0.250000 1.000000
vt 0.250000 0.750000
vt 0.000000 0.750000
vn 1.000000 0.000000 0.000000
f 638/1909/478 634/1910/478 635/1911/478 639/1912/478
vt 0.000000 1.000000
vt 0.250000 1.000000
vt 0.250000 0.750000
vt 0.000000 0.750000
vn 0.000000 1.000000 0.000000
f 640/1913/479 639/1914/479 635/1915/479 636/1916/479
vt 0.000000 1.000000
vt 0.250000 1.000000
vt 0.250000 0.750000
vt 0.000000 0.750000
vn 0.000000 -1.000000 0.000000
f 633/1917/480 634/1918/480 638/1919/480 637/1920/480
# part: side_skull_eye_l_upper_l
v -0.118750 0.762500 0.632500
v -0.050000 0.762500 0.632500
v -0.050000 0.837500 0.632500
v -0.118750 0.837500 0.632500
v -0.118750 0.762500 0.646250
v -0.050000 0.762500 0.646250
v -0.050000 0.837500 0.646250
v -0.118750 0.837500 0.646250
vt 0.250000 0.500000
vt 0.500000 0.500000
vt 0.500000 0.250000
vt 0.250000 0.250000
vn 0.000000 0.000000 1.000000
usemtl skull_fiend_atlas
f 645/1921/481 646/1922/481 647/1923/481 648/1924/481
vt 0.250000 0.500000
vt 0.500000 0.500000
vt 0.500000 0.250000
vt 0.250000 0.250000
vn 0.000000 0.000000 -1.000000
f 642/1925/482 641/1926/482 644/1927/482 643/1928/482
vt 0.250000 0.500000
vt 0.500000 0.500000
vt 0.500000 0.250000
vt 0.250000 0.250000
vn -1.000000 0.000000 0.000000
f 641/1929/483 645/1930/483 648/1931/483 644/1932/483
vt 0.250000 0.500000
vt 0.500000 0.500000
vt 0.500000 0.250000
vt 0.250000 0.250000
vn 1.000000 0.000000 0.000000
f 646/1933/484 642/1934/484 643/1935/484 647/1936/484
vt 0.250000 0.500000
vt 0.500000 0.500000
vt 0.500000 0.250000
vt 0.250000 0.250000
vn 0.000000 1.000000 0.000000
f 648/1937/485 647/1938/485 643/1939/485 644/1940/485
vt 0.250000 0.500000
vt 0.500000 0.500000
vt 0.500000 0.250000
vt 0.250000 0.250000
vn 0.000000 -1.000000 0.000000
f 641/1941/486 642/1942/486 646/1943/486 645/1944/486
# part: side_skull_eye_r_upper_l
v -0.012500 0.762500 0.632500
v 0.056250 0.762500 0.632500
v 0.056250 0.837500 0.632500
v -0.012500 0.837500 0.632500
v -0.012500 0.762500 0.646250
v 0.056250 0.762500 0.646250
v 0.056250 0.837500 0.646250
v -0.012500 0.837500 0.646250
vt 0.250000 0.500000
vt 0.500000 0.500000
vt 0.500000 0.250000
vt 0.250000 0.250000
vn 0.000000 0.000000 1.000000
usemtl skull_fiend_atlas
f 653/1945/487 654/1946/487 655/1947/487 656/1948/487
vt 0.250000 0.500000
vt 0.500000 0.500000
vt 0.500000 0.250000
vt 0.250000 0.250000
vn 0.000000 0.000000 -1.000000
f 650/1949/488 649/1950/488 652/1951/488 651/1952/488
vt 0.250000 0.500000
vt 0.500000 0.500000
vt 0.500000 0.250000
vt 0.250000 0.250000
vn -1.000000 0.000000 0.000000
f 649/1953/489 653/1954/489 656/1955/489 652/1956/489
vt 0.250000 0.500000
vt 0.500000 0.500000
vt 0.500000 0.250000
vt 0.250000 0.250000
vn 1.000000 0.000000 0.000000
f 654/1957/490 650/1958/490 651/1959/490 655/1960/490
vt 0.250000 0.500000
vt 0.500000 0.500000
vt 0.500000 0.250000
vt 0.250000 0.250000
vn 0.000000 1.000000 0.000000
f 656/1961/491 655/1962/491 651/1963/491 652/1964/491
vt 0.250000 0.500000
vt 0.500000 0.500000
vt 0.500000 0.250000
vt 0.250000 0.250000
vn 0.000000 -1.000000 0.000000
f 649/1965/492 650/1966/492 654/1967/492 653/1968/492
# part: side_skull_snout_upper_l
v -0.059375 0.712500 0.632500
v -0.003125 0.712500 0.632500
v -0.003125 0.750000 0.632500
v -0.059375 0.750000 0.632500
v -0.059375 0.712500 0.646250
v -0.003125 0.712500 0.646250
v -0.003125 0.750000 0.646250
v -0.059375 0.750000 0.646250
vt 0.250000 0.500000
vt 0.500000 0.500000
vt 0.500000 0.250000
vt 0.250000 0.250000
vn 0.000000 0.000000 1.000000
usemtl skull_fiend_atlas
f 661/1969/493 662/1970/493 663/1971/493 664/1972/493
vt 0.250000 0.500000
vt 0.500000 0.500000
vt 0.500000 0.250000
vt 0.250000 0.250000
vn 0.000000 0.000000 -1.000000
f 658/1973/494 657/1974/494 660/1975/494 659/1976/494
vt 0.250000 0.500000
vt 0.500000 0.500000
vt 0.500000 0.250000
vt 0.250000 0.250000
vn -1.000000 0.000000 0.000000
f 657/1977/495 661/1978/495 664/1979/495 660/1980/495
vt 0.250000 0.500000
vt 0.500000 0.500000
vt 0.500000 0.250000
vt 0.250000 0.250000
vn 1.000000 0.000000 0.000000
f 662/1981/496 658/1982/496 659/1983/496 663/1984/496
vt 0.250000 0.500000
vt 0.500000 0.500000
vt 0.500000 0.250000
vt 0.250000 0.250000
vn 0.000000 1.000000 0.000000
f 664/1985/497 663/1986/497 659/1987/497 660/1988/497
vt 0.250000 0.500000
vt 0.500000 0.500000
vt 0.500000 0.250000
vt 0.250000 0.250000
vn 0.000000 -1.000000 0.000000
f 657/1989/498 658/1990/498 662/1991/498 661/1992/498
# part: side_skull_teeth_upper_l
v -0.100000 0.681250 0.630000
v 0.037500 0.681250 0.630000
v 0.037500 0.709375 0.630000
v -0.100000 0.709375 0.630000
v -0.100000 0.681250 0.641250
v 0.037500 0.681250 0.641250
v 0.037500 0.709375 0.641250
v -0.100000 0.709375 0.641250
vt 0.750000 0.500000
vt 1.000000 0.500000
vt 1.000000 0.250000
vt 0.750000 0.250000
vn 0.000000 0.000000 1.000000
usemtl skull_fiend_atlas
f 669/1993/499 670/1994/499 671/1995/499 672/1996/499
vt 0.750000 0.500000
vt 1.000000 0.500000
vt 1.000000 0.250000
vt 0.750000 0.250000
vn 0.000000 0.000000 -1.000000
f 666/1997/500 665/1998/500 668/1999/500 667/2000/500
vt 0.750000 0.500000
vt 1.000000 0.500000
vt 1.000000 0.250000
vt 0.750000 0.250000
vn -1.000000 0.000000 0.000000
f 665/2001/501 669/2002/501 672/2003/501 668/2004/501
vt 0.750000 0.500000
vt 1.000000 0.500000
vt 1.000000 0.250000
vt 0.750000 0.250000
vn 1.000000 0.000000 0.000000
f 670/2005/502 666/2006/502 667/2007/502 671/2008/502
vt 0.750000 0.500000
vt 1.000000 0.500000
vt 1.000000 0.250000
vt 0.750000 0.250000
vn 0.000000 1.000000 0.000000
f 672/2009/503 671/2010/503 667/2011/503 668/2012/503
vt 0.750000 0.500000
vt 1.000000 0.500000
vt 1.000000 0.250000
vt 0.750000 0.250000
vn 0.000000 -1.000000 0.000000
f 665/2013/504 666/2014/504 670/2015/504 669/2016/504
# part: side_skull_box_upper_r
v 0.925000 0.675000 0.431250
v 1.137500 0.675000 0.431250
v 1.137500 0.875000 0.431250
v 0.925000 0.875000 0.431250
v 0.925000 0.675000 0.631250
v 1.137500 0.675000 0.631250
v 1.137500 0.875000 0.631250
v 0.925000 0.875000 0.631250
vt 0.000000 1.000000
vt 0.250000 1.000000
vt 0.250000 0.750000
vt 0.000000 0.750000
vn 0.000000 0.000000 1.000000
usemtl skull_fiend_atlas
f 677/2017/505 678/2018/505 679/2019/505 680/2020/505
vt 0.000000 1.000000
vt 0.250000 1.000000
vt 0.250000 0.750000
vt 0.000000 0.750000
vn 0.000000 0.000000 -1.000000
f 674/2021/506 673/2022/506 676/2023/506 675/2024/506
vt 0.000000 1.000000
vt 0.250000 1.000000
vt 0.250000 0.750000
vt 0.000000 0.750000
vn -1.000000 0.000000 0.000000
f 673/2025/507 677/2026/507 680/2027/507 676/2028/507
vt 0.000000 1.000000
vt 0.250000 1.000000
vt 0.250000 0.750000
vt 0.000000 0.750000
vn 1.000000 0.000000 0.000000
f 678/2029/508 674/2030/508 675/2031/508 679/2032/508
vt 0.000000 1.000000
vt 0.250000 1.000000
vt 0.250000 0.750000
vt 0.000000 0.750000
vn 0.000000 1.000000 0.000000
f 680/2033/509 679/2034/509 675/2035/509 676/2036/509
vt 0.000000 1.000000
vt 0.250000 1.000000
vt 0.250000 0.750000
vt 0.000000 0.750000
vn 0.000000 -1.000000 0.000000
f 673/2037/510 674/2038/510 678/2039/510 677/2040/510
# part: side_skull_eye_l_upper_r
v 0.943750 0.762500 0.632500
v 1.012500 0.762500 0.632500
v 1.012500 0.837500 0.632500
v 0.943750 0.837500 0.632500
v 0.943750 0.762500 0.646250
v 1.012500 0.762500 0.646250
v 1.012500 0.837500 0.646250
v 0.943750 0.837500 0.646250
vt 0.250000 0.500000
vt 0.500000 0.500000
vt 0.500000 0.250000
vt 0.250000 0.250000
vn 0.000000 0.000000 1.000000
usemtl skull_fiend_atlas
f 685/2041/511 686/2042/511 687/2043/511 688/2044/511
vt 0.250000 0.500000
vt 0.500000 0.500000
vt 0.500000 0.250000
vt 0.250000 0.250000
vn 0.000000 0.000000 -1.000000
f 682/2045/512 681/2046/512 684/2047/512 683/2048/512
vt 0.250000 0.500000
vt 0.500000 0.500000
vt 0.500000 0.250000
vt 0.250000 0.250000
vn -1.000000 0.000000 0.000000
f 681/2049/513 685/2050/513 688/2051/513 684/2052/513
vt 0.250000 0.500000
vt 0.500000 0.500000
vt 0.500000 0.250000
vt 0.250000 0.250000
vn 1.000000 0.000000 0.000000
f 686/2053/514 682/2054/514 683/2055/514 687/2056/514
vt 0.250000 0.500000
vt 0.500000 0.500000
vt 0.500000 0.250000
vt 0.250000 0.250000
vn 0.000000 1.000000 0.000000
f 688/2057/515 687/2058/515 683/2059/515 684/2060/515
vt 0.250000 0.500000
vt 0.500000 0.500000
vt 0.500000 0.250000
vt 0.250000 0.250000
vn 0.000000 -1.000000 0.000000
f 681/2061/516 682/2062/516 686/2063/516 685/2064/516
# part: side_skull_eye_r_upper_r
v 1.050000 0.762500 0.632500
v 1.118750 0.762500 0.632500
v 1.118750 0.837500 0.632500
v 1.050000 0.837500 0.632500
v 1.050000 0.762500 0.646250
v 1.118750 0.762500 0.646250
v 1.118750 0.837500 0.646250
v 1.050000 0.837500 0.646250
vt 0.250000 0.500000
vt 0.500000 0.500000
vt 0.500000 0.250000
vt 0.250000 0.250000
vn 0.000000 0.000000 1.000000
usemtl skull_fiend_atlas
f 693/2065/517 694/2066/517 695/2067/517 696/2068/517
vt 0.250000 0.500000
vt 0.500000 0.500000
vt 0.500000 0.250000
vt 0.250000 0.250000
vn 0.000000 0.000000 -1.000000
f 690/2069/518 689/2070/518 692/2071/518 691/2072/518
vt 0.250000 0.500000
vt 0.500000 0.500000
vt 0.500000 0.250000
vt 0.250000 0.250000
vn -1.000000 0.000000 0.000000
f 689/2073/519 693/2074/519 696/2075/519 692/2076/519
vt 0.250000 0.500000
vt 0.500000 0.500000
vt 0.500000 0.250000
vt 0.250000 0.250000
vn 1.000000 0.000000 0.000000
f 694/2077/520 690/2078/520 691/2079/520 695/2080/520
vt 0.250000 0.500000
vt 0.500000 0.500000
vt 0.500000 0.250000
vt 0.250000 0.250000
vn 0.000000 1.000000 0.000000
f 696/2081/521 695/2082/521 691/2083/521 692/2084/521
vt 0.250000 0.500000
vt 0.500000 0.500000
vt 0.500000 0.250000
vt 0.250000 0.250000
vn 0.000000 -1.000000 0.000000
f 689/2085/522 690/2086/522 694/2087/522 693/2088/522
# part: side_skull_snout_upper_r
v 1.003125 0.712500 0.632500
v 1.059375 0.712500 0.632500
v 1.059375 0.750000 0.632500
v 1.003125 0.750000 0.632500
v 1.003125 0.712500 0.646250
v 1.059375 0.712500 0.646250
v 1.059375 0.750000 0.646250
v 1.003125 0.750000 0.646250
vt 0.250000 0.500000
vt 0.500000 0.500000
vt 0.500000 0.250000
vt 0.250000 0.250000
vn 0.000000 0.000000 1.000000
usemtl skull_fiend_atlas
f 701/2089/523 702/2090/523 703/2091/523 704/2092/523
vt 0.250000 0.500000
vt 0.500000 0.500000
vt 0.500000 0.250000
vt 0.250000 0.250000
vn 0.000000 0.000000 -1.000000
f 698/2093/524 697/2094/524 700/2095/524 699/2096/524
vt 0.250000 0.500000
vt 0.500000 0.500000
vt 0.500000 0.250000
vt 0.250000 0.250000
vn -1.000000 0.000000 0.000000
f 697/2097/525 701/2098/525 704/2099/525 700/2100/525
vt 0.250000 0.500000
vt 0.500000 0.500000
vt 0.500000 0.250000
vt 0.250000 0.250000
vn 1.000000 0.000000 0.000000
f 702/2101/526 698/2102/526 699/2103/526 703/2104/526
vt 0.250000 0.500000
vt 0.500000 0.500000
vt 0.500000 0.250000
vt 0.250000 0.250000
vn 0.000000 1.000000 0.000000
f 704/2105/527 703/2106/527 699/2107/527 700/2108/527
vt 0.250000 0.500000
vt 0.500000 0.500000
vt 0.500000 0.250000
vt 0.250000 0.250000
vn 0.000000 -1.000000 0.000000
f 697/2109/528 698/2110/528 702/2111/528 701/2112/528
# part: side_skull_teeth_upper_r
v 0.962500 0.681250 0.630000
v 1.100000 0.681250 0.630000
v 1.100000 0.709375 0.630000
v 0.962500 0.709375 0.630000
v 0.962500 0.681250 0.641250
v 1.100000 0.681250 0.641250
v 1.100000 0.709375 0.641250
v 0.962500 0.709375 0.641250
vt 0.750000 0.500000
vt 1.000000 0.500000
vt 1.000000 0.250000
vt 0.750000 0.250000
vn 0.000000 0.000000 1.000000
usemtl skull_fiend_atlas
f 709/2113/529 710/2114/529 711/2115/529 712/2116/529
vt 0.750000 0.500000
vt 1.000000 0.500000
vt 1.000000 0.250000
vt 0.750000 0.250000
vn 0.000000 0.000000 -1.000000
f 706/2117/530 705/2118/530 708/2119/530 707/2120/530
vt 0.750000 0.500000
vt 1.000000 0.500000
vt 1.000000 0.250000
vt 0.750000 0.250000
vn -1.000000 0.000000 0.000000
f 705/2121/531 709/2122/531 712/2123/531 708/2124/531
vt 0.750000 0.500000
vt 1.000000 0.500000
vt 1.000000 0.250000
vt 0.750000 0.250000
vn 1.000000 0.000000 0.000000
f 710/2125/532 706/2126/532 707/2127/532 711/2128/532
vt 0.750000 0.500000
vt 1.000000 0.500000
vt 1.000000 0.250000
vt 0.750000 0.250000
vn 0.000000 1.000000 0.000000
f 712/2129/533 711/2130/533 707/2131/533 708/2132/533
vt 0.750000 0.500000
vt 1.000000 0.500000
vt 1.000000 0.250000
vt 0.750000 0.250000
vn 0.000000 -1.000000 0.000000
f 705/2133/534 706/2134/534 710/2135/534 709/2136/534
# part: side_skull_box_lower_l
v -0.193750 0.406250 0.475000
v 0.018750 0.406250 0.475000
v 0.018750 0.606250 0.475000
v -0.193750 0.606250 0.475000
v -0.193750 0.406250 0.675000
v 0.018750 0.406250 0.675000
v 0.018750 0.606250 0.675000
v -0.193750 0.606250 0.675000
vt 0.000000 1.000000
vt 0.250000 1.000000
vt 0.250000 0.750000
vt 0.000000 0.750000
vn 0.000000 0.000000 1.000000
usemtl skull_fiend_atlas
f 717/2137/535 718/2138/535 719/2139/535 720/2140/535
vt 0.000000 1.000000
vt 0.250000 1.000000
vt 0.250000 0.750000
vt 0.000000 0.750000
vn 0.000000 0.000000 -1.000000
f 714/2141/536 713/2142/536 716/2143/536 715/2144/536
vt 0.000000 1.000000
vt 0.250000 1.000000
vt 0.250000 0.750000
vt 0.000000 0.750000
vn -1.000000 0.000000 0.000000
f 713/2145/537 717/2146/537 720/2147/537 716/2148/537
vt 0.000000 1.000000
vt 0.250000 1.000000
vt 0.250000 0.750000
vt 0.000000 0.750000
vn 1.000000 0.000000 0.000000
f 718/2149/538 714/2150/538 715/2151/538 719/2152/538
vt 0.000000 1.000000
vt 0.250000 1.000000
vt 0.250000 0.750000
vt 0.000000 0.750000
vn 0.000000 1.000000 0.000000
f 720/2153/539 719/2154/539 715/2155/539 716/2156/539
vt 0.000000 1.000000
vt 0.250000 1.000000
vt 0.250000 0.750000
vt 0.000000 0.750000
vn 0.000000 -1.000000 0.000000
f 713/2157/540 714/2158/540 718/2159/540 717/2160/540
# part: side_skull_eye_l_lower_l
v -0.175000 0.493750 0.676250
v -0.106250 0.493750 0.676250
v -0.106250 0.568750 0.676250
v -0.175000 0.568750 0.676250
v -0.175000 0.493750 0.690000
v -0.106250 0.493750 0.690000
v -0.106250 0.568750 0.690000
v -0.175000 0.568750 0.690000
vt 0.250000 0.500000
vt 0.500000 0.500000
vt 0.500000 0.250000
vt 0.250000 0.250000
vn 0.000000 0.000000 1.000000
usemtl skull_fiend_atlas
f 725/2161/541 726/2162/541 727/2163/541 728/2164/541
vt 0.250000 0.500000
vt 0.500000 0.500000
vt 0.500000 0.250000
vt 0.250000 0.250000
vn 0.000000 0.000000 -1.000000
f 722/2165/542 721/2166/542 724/2167/542 723/2168/542
vt 0.250000 0.500000
vt 0.500000 0.500000
vt 0.500000 0.250000
vt 0.250000 0.250000
vn -1.000000 0.000000 0.000000
f 721/2169/543 725/2170/543 728/2171/543 724/2172/543
vt 0.250000 0.500000
vt 0.500000 0.500000
vt 0.500000 0.250000
vt 0.250000 0.250000
vn 1.000000 0.000000 0.000000
f 726/2173/544 722/2174/544 723/2175/544 727/2176/544
vt 0.250000 0.500000
vt 0.500000 0.500000
vt 0.500000 0.250000
vt 0.250000 0.250000
vn 0.000000 1.000000 0.000000
f 728/2177/545 727/2178/545 723/2179/545 724/2180/545
vt 0.250000 0.500000
vt 0.500000 0.500000
vt 0.500000 0.250000
vt 0.250000 0.250000
vn 0.000000 -1.000000 0.000000
f 721/2181/546 722/2182/546 726/2183/546 725/2184/546
# part: side_skull_eye_r_lower_l
v -0.068750 0.493750 0.676250
v 0.000000 0.493750 0.676250
v 0.000000 0.568750 0.676250
v -0.068750 0.568750 0.676250
v -0.068750 0.493750 0.690000
v 0.000000 0.493750 0.690000
v 0.000000 0.568750 0.690000
v -0.068750 0.568750 0.690000
vt 0.250000 0.500000
vt 0.500000 0.500000
vt 0.500000 0.250000
vt 0.250000 0.250000
vn 0.000000 0.000000 1.000000
usemtl skull_fiend_atlas
f 733/2185/547 734/2186/547 735/2187/547 736/2188/547
vt 0.250000 0.500000
vt 0.500000 0.500000
vt 0.500000 0.250000
vt 0.250000 0.250000
vn 0.000000 0.000000 -1.000000
f 730/2189/548 729/2190/548 732/2191/548 731/2192/548
vt 0.250000 0.500000
vt 0.500000 0.500000
vt 0.500000 0.250000
vt 0.250000 0.250000
vn -1.000000 0.000000 0.000000
f 729/2193/549 733/2194/549 736/2195/549 732/2196/549
vt 0.250000 0.500000
vt 0.500000 0.500000
vt 0.500000 0.250000
vt 0.250000 0.250000
vn 1.000000 0.000000 0.000000
f 734/2197/550 730/2198/550 731/2199/550 735/2200/550
vt 0.250000 0.500000
vt 0.500000 0.500000
vt 0.500000 0.250000
vt 0.250000 0.250000
vn 0.000000 1.000000 0.000000
f 736/2201/551 735/2202/551 731/2203/551 732/2204/551
vt 0.250000 0.500000
vt 0.500000 0.500000
vt 0.500000 0.250000
vt 0.250000 0.250000
vn 0.000000 -1.000000 0.000000
f 729/2205/552 730/2206/552 734/2207/552 733/2208/552
# part: side_skull_snout_lower_l
v -0.115625 0.443750 0.676250
v -0.059375 0.443750 0.676250
v -0.059375 0.481250 0.676250
v -0.115625 0.481250 0.676250
v -0.115625 0.443750 0.690000
v -0.059375 0.443750 0.690000
v -0.059375 0.481250 0.690000
v -0.115625 0.481250 0.690000
vt 0.250000 0.500000
vt 0.500000 0.500000
vt 0.500000 0.250000
vt 0.250000 0.250000
vn 0.000000 0.000000 1.000000
usemtl skull_fiend_atlas
f 741/2209/553 742/2210/553 743/2211/553 744/2212/553
vt 0.250000 0.500000
vt 0.500000 0.500000
vt 0.500000 0.250000
vt 0.250000 0.250000
vn 0.000000 0.000000 -1.000000
f 738/2213/554 737/2214/554 740/2215/554 739/2216/554
vt 0.250000 0.500000
vt 0.500000 0.500000
vt 0.500000 0.250000
vt 0.250000 0.250000
vn -1.000000 0.000000 0.000000
f 737/2217/555 741/2218/555 744/2219/555 740/2220/555
vt 0.250000 0.500000
vt 0.500000 0.500000
vt 0.500000 0.250000
vt 0.250000 0.250000
vn 1.000000 0.000000 0.000000
f 742/2221/556 738/2222/556 739/2223/556 743/2224/556
vt 0.250000 0.500000
vt 0.500000 0.500000
vt 0.500000 0.250000
vt 0.250000 0.250000
vn 0.000000 1.000000 0.000000
f 744/2225/557 743/2226/557 739/2227/557 740/2228/557
vt 0.250000 0.500000
vt 0.500000 0.500000
vt 0.500000 0.250000
vt 0.250000 0.250000
vn 0.000000 -1.000000 0.000000
f 737/2229/558 738/2230/558 742/2231/558 741/2232/558
# part: side_skull_teeth_lower_l
v -0.156250 0.412500 0.673750
v -0.018750 0.412500 0.673750
v -0.018750 0.440625 0.673750
v -0.156250 0.440625 0.673750
v -0.156250 0.412500 0.685000
v -0.018750 0.412500 0.685000
v -0.018750 0.440625 0.685000
v -0.156250 0.440625 0.685000
vt 0.750000 0.500000
vt 1.000000 0.500000
vt 1.000000 0.250000
vt 0.750000 0.250000
vn 0.000000 0.000000 1.000000
usemtl skull_fiend_atlas
f 749/2233/559 750/2234/559 751/2235/559 752/2236/559
vt 0.750000 0.500000
vt 1.000000 0.500000
vt 1.000000 0.250000
vt 0.750000 0.250000
vn 0.000000 0.000000 -1.000000
f 746/2237/560 745/2238/560 748/2239/560 747/2240/560
vt 0.750000 0.500000
vt 1.000000 0.500000
vt 1.000000 0.250000
vt 0.750000 0.250000
vn -1.000000 0.000000 0.000000
f 745/2241/561 749/2242/561 752/2243/561 748/2244/561
vt 0.750000 0.500000
vt 1.000000 0.500000
vt 1.000000 0.250000
vt 0.750000 0.250000
vn 1.000000 0.000000 0.000000
f 750/2245/562 746/2246/562 747/2247/562 751/2248/562
vt 0.750000 0.500000
vt 1.000000 0.500000
vt 1.000000 0.250000
vt 0.750000 0.250000
vn 0.000000 1.000000 0.000000
f 752/2249/563 751/2250/563 747/2251/563 748/2252/563
vt 0.750000 0.500000
vt 1.000000 0.500000
vt 1.000000 0.250000
vt 0.750000 0.250000
vn 0.000000 -1.000000 0.000000
f 745/2253/564 746/2254/564 750/2255/564 749/2256/564
# part: side_skull_box_lower_r
v 0.981250 0.406250 0.475000
v 1.193750 0.406250 0.475000
v 1.193750 0.606250 0.475000
v 0.981250 0.606250 0.475000
v 0.981250 0.406250 0.675000
v 1.193750 0.406250 0.675000
v 1.193750 0.606250 0.675000
v 0.981250 0.606250 0.675000
vt 0.000000 1.000000
vt 0.250000 1.000000
vt 0.250000 0.750000
vt 0.000000 0.750000
vn 0.000000 0.000000 1.000000
usemtl skull_fiend_atlas
f 757/2257/565 758/2258/565 759/2259/565 760/2260/565
vt 0.000000 1.000000
vt 0.250000 1.000000
vt 0.250000 0.750000
vt 0.000000 0.750000
vn 0.000000 0.000000 -1.000000
f 754/2261/566 753/2262/566 756/2263/566 755/2264/566
vt 0.000000 1.000000
vt 0.250000 1.000000
vt 0.250000 0.750000
vt 0.000000 0.750000
vn -1.000000 0.000000 0.000000
f 753/2265/567 757/2266/567 760/2267/567 756/2268/567
vt 0.000000 1.000000
vt 0.250000 1.000000
vt 0.250000 0.750000
vt 0.000000 0.750000
vn 1.000000 0.000000 0.000000
f 758/2269/568 754/2270/568 755/2271/568 759/2272/568
vt 0.000000 1.000000
vt 0.250000 1.000000
vt 0.250000 0.750000
vt 0.000000 0.750000
vn 0.000000 1.000000 0.000000
f 760/2273/569 759/2274/569 755/2275/569 756/2276/569
vt 0.000000 1.000000
vt 0.250000 1.000000
vt 0.250000 0.750000
vt 0.000000 0.750000
vn 0.000000 -1.000000 0.000000
f 753/2277/570 754/2278/570 758/2279/570 757/2280/570
# part: side_skull_eye_l_lower_r
v 1.000000 0.493750 0.676250
v 1.068750 0.493750 0.676250
v 1.068750 0.568750 0.676250
v 1.000000 0.568750 0.676250
v 1.000000 0.493750 0.690000
v 1.068750 0.493750 0.690000
v 1.068750 0.568750 0.690000
v 1.000000 0.568750 0.690000
vt 0.250000 0.500000
vt 0.500000 0.500000
vt 0.500000 0.250000
vt 0.250000 0.250000
vn 0.000000 0.000000 1.000000
usemtl skull_fiend_atlas
f 765/2281/571 766/2282/571 767/2283/571 768/2284/571
vt 0.250000 0.500000
vt 0.500000 0.500000
vt 0.500000 0.250000
vt 0.250000 0.250000
vn 0.000000 0.000000 -1.000000
f 762/2285/572 761/2286/572 764/2287/572 763/2288/572
vt 0.250000 0.500000
vt 0.500000 0.500000
vt 0.500000 0.250000
vt 0.250000 0.250000
vn -1.000000 0.000000 0.000000
f 761/2289/573 765/2290/573 768/2291/573 764/2292/573
vt 0.250000 0.500000
vt 0.500000 0.500000
vt 0.500000 0.250000
vt 0.250000 0.250000
vn 1.000000 0.000000 0.000000
f 766/2293/574 762/2294/574 763/2295/574 767/2296/574
vt 0.250000 0.500000
vt 0.500000 0.500000
vt 0.500000 0.250000
vt 0.250000 0.250000
vn 0.000000 1.000000 0.000000
f 768/2297/575 767/2298/575 763/2299/575 764/2300/575
vt 0.250000 0.500000
vt 0.500000 0.500000
vt 0.500000 0.250000
vt 0.250000 0.250000
vn 0.000000 -1.000000 0.000000
f 761/2301/576 762/2302/576 766/2303/576 765/2304/576
# part: side_skull_eye_r_lower_r
v 1.106250 0.493750 0.676250
v 1.175000 0.493750 0.676250
v 1.175000 0.568750 0.676250
v 1.106250 0.568750 0.676250
v 1.106250 0.493750 0.690000
v 1.175000 0.493750 0.690000
v 1.175000 0.568750 0.690000
v 1.106250 0.568750 0.690000
vt 0.250000 0.500000
vt 0.500000 0.500000
vt 0.500000 0.250000
vt 0.250000 0.250000
vn 0.000000 0.000000 1.000000
usemtl skull_fiend_atlas
f 773/2305/577 774/2306/577 775/2307/577 776/2308/577
vt 0.250000 0.500000
vt 0.500000 0.500000
vt 0.500000 0.250000
vt 0.250000 0.250000
vn 0.000000 0.000000 -1.000000
f 770/2309/578 769/2310/578 772/2311/578 771/2312/578
vt 0.250000 0.500000
vt 0.500000 0.500000
vt 0.500000 0.250000
vt 0.250000 0.250000
vn -1.000000 0.000000 0.000000
f 769/2313/579 773/2314/579 776/2315/579 772/2316/579
vt 0.250000 0.500000
vt 0.500000 0.500000
vt 0.500000 0.250000
vt 0.250000 0.250000
vn 1.000000 0.000000 0.000000
f 774/2317/580 770/2318/580 771/2319/580 775/2320/580
vt 0.250000 0.500000
vt 0.500000 0.500000
vt 0.500000 0.250000
vt 0.250000 0.250000
vn 0.000000 1.000000 0.000000
f 776/2321/581 775/2322/581 771/2323/581 772/2324/581
vt 0.250000 0.500000
vt 0.500000 0.500000
vt 0.500000 0.250000
vt 0.250000 0.250000
vn 0.000000 -1.000000 0.000000
f 769/2325/582 770/2326/582 774/2327/582 773/2328/582
# part: side_skull_snout_lower_r
v 1.059375 0.443750 0.676250
v 1.115625 0.443750 0.676250
v 1.115625 0.481250 0.676250
v 1.059375 0.481250 0.676250
v 1.059375 0.443750 0.690000
v 1.115625 0.443750 0.690000
v 1.115625 0.481250 0.690000
v 1.059375 0.481250 0.690000
vt 0.250000 0.500000
vt 0.500000 0.500000
vt 0.500000 0.250000
vt 0.250000 0.250000
vn 0.000000 0.000000 1.000000
usemtl skull_fiend_atlas
f 781/2329/583 782/2330/583 783/2331/583 784/2332/583
vt 0.250000 0.500000
vt 0.500000 0.500000
vt 0.500000 0.250000
vt 0.250000 0.250000
vn 0.000000 0.000000 -1.000000
f 778/2333/584 777/2334/584 780/2335/584 779/2336/584
vt 0.250000 0.500000
vt 0.500000 0.500000
vt 0.500000 0.250000
vt 0.250000 0.250000
vn -1.000000 0.000000 0.000000
f 777/2337/585 781/2338/585 784/2339/585 780/2340/585
vt 0.250000 0.500000
vt 0.500000 0.500000
vt 0.500000 0.250000
vt 0.250000 0.250000
vn 1.000000 0.000000 0.000000
f 782/2341/586 778/2342/586 779/2343/586 783/2344/586
vt 0.250000 0.500000
vt 0.500000 0.500000
vt 0.500000 0.250000
vt 0.250000 0.250000
vn 0.000000 1.000000 0.000000
f 784/2345/587 783/2346/587 779/2347/587 780/2348/587
vt 0.250000 0.500000
vt 0.500000 0.500000
vt 0.500000 0.250000
vt 0.250000 0.250000
vn 0.000000 -1.000000 0.000000
f 777/2349/588 778/2350/588 782/2351/588 781/2352/588
# part: side_skull_teeth_lower_r
v 1.018750 0.412500 0.673750
v 1.156250 0.412500 0.673750
v 1.156250 0.440625 0.673750
v 1.018750 0.440625 0.673750
v 1.018750 0.412500 0.685000
v 1.156250 0.412500 0.685000
v 1.156250 0.440625 0.685000
v 1.018750 0.440625 0.685000
vt 0.750000 0.500000
vt 1.000000 0.500000
vt 1.000000 0.250000
vt 0.750000 0.250000
vn 0.000000 0.000000 1.000000
usemtl skull_fiend_atlas
f 789/2353/589 790/2354/589 791/2355/589 792/2356/589
vt 0.750000 0.500000
vt 1.000000 0.500000
vt 1.000000 0.250000
vt 0.750000 0.250000
vn 0.000000 0.000000 -1.000000
f 786/2357/590 785/2358/590 788/2359/590 787/2360/590
vt 0.750000 0.500000
vt 1.000000 0.500000
vt 1.000000 0.250000
vt 0.750000 0.250000
vn -1.000000 0.000000 0.000000
f 785/2361/591 789/2362/591 792/2363/591 788/2364/591
vt 0.750000 0.500000
vt 1.000000 0.500000
vt 1.000000 0.250000
vt 0.750000 0.250000
vn 1.000000 0.000000 0.000000
f 790/2365/592 786/2366/592 787/2367/592 791/2368/592
vt 0.750000 0.500000
vt 1.000000 0.500000
vt 1.000000 0.250000
vt 0.750000 0.250000
vn 0.000000 1.000000 0.000000
f 792/2369/593 791/2370/593 787/2371/593 788/2372/593
vt 0.750000 0.500000
vt 1.000000 0.500000
vt 1.000000 0.250000
vt 0.750000 0.250000
vn 0.000000 -1.000000 0.000000
f 785/2373/594 786/2374/594 790/2375/594 789/2376/594
# part: side_skull_box_front_c
v 0.393750 0.237500 0.800000
v 0.606250 0.237500 0.800000
v 0.606250 0.437500 0.800000
v 0.393750 0.437500 0.800000
v 0.393750 0.237500 1.000000
v 0.606250 0.237500 1.000000
v 0.606250 0.437500 1.000000
v 0.393750 0.437500 1.000000
vt 0.000000 1.000000
vt 0.250000 1.000000
vt 0.250000 0.750000
vt 0.000000 0.750000
vn 0.000000 0.000000 1.000000
usemtl skull_fiend_atlas
f 797/2377/595 798/2378/595 799/2379/595 800/2380/595
vt 0.000000 1.000000
vt 0.250000 1.000000
vt 0.250000 0.750000
vt 0.000000 0.750000
vn 0.000000 0.000000 -1.000000
f 794/2381/596 793/2382/596 796/2383/596 795/2384/596
vt 0.000000 1.000000
vt 0.250000 1.000000
vt 0.250000 0.750000
vt 0.000000 0.750000
vn -1.000000 0.000000 0.000000
f 793/2385/597 797/2386/597 800/2387/597 796/2388/597
vt 0.000000 1.000000
vt 0.250000 1.000000
vt 0.250000 0.750000
vt 0.000000 0.750000
vn 1.000000 0.000000 0.000000
f 798/2389/598 794/2390/598 795/2391/598 799/2392/598
vt 0.000000 1.000000
vt 0.250000 1.000000
vt 0.250000 0.750000
vt 0.000000 0.750000
vn 0.000000 1.000000 0.000000
f 800/2393/599 799/2394/599 795/2395/599 796/2396/599
vt 0.000000 1.000000
vt 0.250000 1.000000
vt 0.250000 0.750000
vt 0.000000 0.750000
vn 0.000000 -1.000000 0.000000
f 793/2397/600 794/2398/600 798/2399/600 797/2400/600
# part: side_skull_eye_l_front_c
v 0.412500 0.325000 1.001250
v 0.481250 0.325000 1.001250
v 0.481250 0.400000 1.001250
v 0.412500 0.400000 1.001250
v 0.412500 0.325000 1.015000
v 0.481250 0.325000 1.015000
v 0.481250 0.400000 1.015000
v 0.412500 0.400000 1.015000
vt 0.250000 0.500000
vt 0.500000 0.500000
vt 0.500000 0.250000
vt 0.250000 0.250000
vn 0.000000 0.000000 1.000000
usemtl skull_fiend_atlas
f 805/2401/601 806/2402/601 807/2403/601 808/2404/601
vt 0.250000 0.500000
vt 0.500000 0.500000
vt 0.500000 0.250000
vt 0.250000 0.250000
vn 0.000000 0.000000 -1.000000
f 802/2405/602 801/2406/602 804/2407/602 803/2408/602
vt 0.250000 0.500000
vt 0.500000 0.500000
vt 0.500000 0.250000
vt 0.250000 0.250000
vn -1.000000 0.000000 0.000000
f 801/2409/603 805/2410/603 808/2411/603 804/2412/603
vt 0.250000 0.500000
vt 0.500000 0.500000
vt 0.500000 0.250000
vt 0.250000 0.250000
vn 1.000000 0.000000 0.000000
f 806/2413/604 802/2414/604 803/2415/604 807/2416/604
vt 0.250000 0.500000
vt 0.500000 0.500000
vt 0.500000 0.250000
vt 0.250000 0.250000
vn 0.000000 1.000000 0.000000
f 808/2417/605 807/2418/605 803/2419/605 804/2420/605
vt 0.250000 0.500000
vt 0.500000 0.500000
vt 0.500000 0.250000
vt 0.250000 0.250000
vn 0.000000 -1.000000 0.000000
f 801/2421/606 802/2422/606 806/2423/606 805/2424/606
# part: side_skull_eye_r_front_c
v 0.518750 0.325000 1.001250
v 0.587500 0.325000 1.001250
v 0.587500 0.400000 1.001250
v 0.518750 0.400000 1.001250
v 0.518750 0.325000 1.015000
v 0.587500 0.325000 1.015000
v 0.587500 0.400000 1.015000
v 0.518750 0.400000 1.015000
vt 0.250000 0.500000
vt 0.500000 0.500000
vt 0.500000 0.250000
vt 0.250000 0.250000
vn 0.000000 0.000000 1.000000
usemtl skull_fiend_atlas
f 813/2425/607 814/2426/607 815/2427/607 816/2428/607
vt 0.250000 0.500000
vt 0.500000 0.500000
vt 0.500000 0.250000
vt 0.250000 0.250000
vn 0.000000 0.000000 -1.000000
f 810/2429/608 809/2430/608 812/2431/608 811/2432/608
vt 0.250000 0.500000
vt 0.500000 0.500000
vt 0.500000 0.250000
vt 0.250000 0.250000
vn -1.000000 0.000000 0.000000
f 809/2433/609 813/2434/609 816/2435/609 812/2436/609
vt 0.250000 0.500000
vt 0.500000 0.500000
vt 0.500000 0.250000
vt 0.250000 0.250000
vn 1.000000 0.000000 0.000000
f 814/2437/610 810/2438/610 811/2439/610 815/2440/610
vt 0.250000 0.500000
vt 0.500000 0.500000
vt 0.500000 0.250000
vt 0.250000 0.250000
vn 0.000000 1.000000 0.000000
f 816/2441/611 815/2442/611 811/2443/611 812/2444/611
vt 0.250000 0.500000
vt 0.500000 0.500000
vt 0.500000 0.250000
vt 0.250000 0.250000
vn 0.000000 -1.000000 0.000000
f 809/2445/612 810/2446/612 814/2447/612 813/2448/612
# part: side_skull_snout_front_c
v 0.471875 0.275000 1.001250
v 0.528125 0.275000 1.001250
v 0.528125 0.312500 1.001250
v 0.471875 0.312500 1.001250
v 0.471875 0.275000 1.015000
v 0.528125 0.275000 1.015000
v 0.528125 0.312500 1.015000
v 0.471875 0.312500 1.015000
vt 0.250000 0.500000
vt 0.500000 0.500000
vt 0.500000 0.250000
vt 0.250000 0.250000
vn 0.000000 0.000000 1.000000
usemtl skull_fiend_atlas
f 821/2449/613 822/2450/613 823/2451/613 824/2452/613
vt 0.250000 0.500000
vt 0.500000 0.500000
vt 0.500000 0.250000
vt 0.250000 0.250000
vn 0.000000 0.000000 -1.000000
f 818/2453/614 817/2454/614 820/2455/614 819/2456/614
vt 0.250000 0.500000
vt 0.500000 0.500000
vt 0.500000 0.250000
vt 0.250000 0.250000
vn -1.000000 0.000000 0.000000
f 817/2457/615 821/2458/615 824/2459/615 820/2460/615
vt 0.250000 0.500000
vt 0.500000 0.500000
vt 0.500000 0.250000
vt 0.250000 0.250000
vn 1.000000 0.000000 0.000000
f 822/2461/616 818/2462/616 819/2463/616 823/2464/616
vt 0.250000 0.500000
vt 0.500000 0.500000
vt 0.500000 0.250000
vt 0.250000 0.250000
vn 0.000000 1.000000 0.000000
f 824/2465/617 823/2466/617 819/2467/617 820/2468/617
vt 0.250000 0.500000
vt 0.500000 0.500000
vt 0.500000 0.250000
vt 0.250000 0.250000
vn 0.000000 -1.000000 0.000000
f 817/2469/618 818/2470/618 822/2471/618 821/2472/618
# part: side_skull_teeth_front_c
v 0.431250 0.243750 0.998750
v 0.568750 0.243750 0.998750
v 0.568750 0.271875 0.998750
v 0.431250 0.271875 0.998750
v 0.431250 0.243750 1.010000
v 0.568750 0.243750 1.010000
v 0.568750 0.271875 1.010000
v 0.431250 0.271875 1.010000
vt 0.750000 0.500000
vt 1.000000 0.500000
vt 1.000000 0.250000
vt 0.750000 0.250000
vn 0.000000 0.000000 1.000000
usemtl skull_fiend_atlas
f 829/2473/619 830/2474/619 831/2475/619 832/2476/619
vt 0.750000 0.500000
vt 1.000000 0.500000
vt 1.000000 0.250000
vt 0.750000 0.250000
vn 0.000000 0.000000 -1.000000
f 826/2477/620 825/2478/620 828/2479/620 827/2480/620
vt 0.750000 0.500000
vt 1.000000 0.500000
vt 1.000000 0.250000
vt 0.750000 0.250000
vn -1.000000 0.000000 0.000000
f 825/2481/621 829/2482/621 832/2483/621 828/2484/621
vt 0.750000 0.500000
vt 1.000000 0.500000
vt 1.000000 0.250000
vt 0.750000 0.250000
vn 1.000000 0.000000 0.000000
f 830/2485/622 826/2486/622 827/2487/622 831/2488/622
vt 0.750000 0.500000
vt 1.000000 0.500000
vt 1.000000 0.250000
vt 0.750000 0.250000
vn 0.000000 1.000000 0.000000
f 832/2489/623 831/2490/623 827/2491/623 828/2492/623
vt 0.750000 0.500000
vt 1.000000 0.500000
vt 1.000000 0.250000
vt 0.750000 0.250000
vn 0.000000 -1.000000 0.000000
f 825/2493/624 826/2494/624 830/2495/624 829/2496/624
# part: cloth_shred_main_c_front_l
v 0.237500 -0.437500 0.728125
v 0.387500 -0.437500 0.728125
v 0.387500 0.156250 0.728125
v 0.237500 0.156250 0.728125
v 0.237500 -0.437500 0.771875
v 0.387500 -0.437500 0.771875
v 0.387500 0.156250 0.771875
v 0.237500 0.156250 0.771875
vt 0.500000 1.000000
vt 0.750000 1.000000
vt 0.750000 0.750000
vt 0.500000 0.750000
vn 0.000000 0.000000 1.000000
usemtl skull_fiend_atlas
f 837/2497/625 838/2498/625 839/2499/625 840/2500/625
vt 0.500000 1.000000
vt 0.750000 1.000000
vt 0.750000 0.750000
vt 0.500000 0.750000
vn 0.000000 0.000000 -1.000000
f 834/2501/626 833/2502/626 836/2503/626 835/2504/626
vt 0.500000 1.000000
vt 0.750000 1.000000
vt 0.750000 0.750000
vt 0.500000 0.750000
vn -1.000000 0.000000 0.000000
f 833/2505/627 837/2506/627 840/2507/627 836/2508/627
vt 0.500000 1.000000
vt 0.750000 1.000000
vt 0.750000 0.750000
vt 0.500000 0.750000
vn 1.000000 0.000000 0.000000
f 838/2509/628 834/2510/628 835/2511/628 839/2512/628
vt 0.500000 1.000000
vt 0.750000 1.000000
vt 0.750000 0.750000
vt 0.500000 0.750000
vn 0.000000 1.000000 0.000000
f 840/2513/629 839/2514/629 835/2515/629 836/2516/629
vt 0.500000 1.000000
vt 0.750000 1.000000
vt 0.750000 0.750000
vt 0.500000 0.750000
vn 0.000000 -1.000000 0.000000
f 833/2517/630 834/2518/630 838/2519/630 837/2520/630
# part: cloth_shred_tip_c_front_l
v 0.275000 -0.531250 0.731250
v 0.350000 -0.531250 0.731250
v 0.350000 -0.440000 0.731250
v 0.275000 -0.440000 0.731250
v 0.275000 -0.531250 0.768750
v 0.350000 -0.531250 0.768750
v 0.350000 -0.440000 0.768750
v 0.275000 -0.440000 0.768750
vt 0.500000 1.000000
vt 0.750000 1.000000
vt 0.750000 0.750000
vt 0.500000 0.750000
vn 0.000000 0.000000 1.000000
usemtl skull_fiend_atlas
f 845/2521/631 846/2522/631 847/2523/631 848/2524/631
vt 0.500000 1.000000
vt 0.750000 1.000000
vt 0.750000 0.750000
vt 0.500000 0.750000
vn 0.000000 0.000000 -1.000000
f 842/2525/632 841/2526/632 844/2527/632 843/2528/632
vt 0.500000 1.000000
vt 0.750000 1.000000
vt 0.750000 0.750000
vt 0.500000 0.750000
vn -1.000000 0.000000 0.000000
f 841/2529/633 845/2530/633 848/2531/633 844/2532/633
vt 0.500000 1.000000
vt 0.750000 1.000000
vt 0.750000 0.750000
vt 0.500000 0.750000
vn 1.000000 0.000000 0.000000
f 846/2533/634 842/2534/634 843/2535/634 847/2536/634
vt 0.500000 1.000000
vt 0.750000 1.000000
vt 0.750000 0.750000
vt 0.500000 0.750000
vn 0.000000 1.000000 0.000000
f 848/2537/635 847/2538/635 843/2539/635 844/2540/635
vt 0.500000 1.000000
vt 0.750000 1.000000
vt 0.750000 0.750000
vt 0.500000 0.750000
vn 0.000000 -1.000000 0.000000
f 841/2541/636 842/2542/636 846/2543/636 845/2544/636
# part: cloth_shred_main_c_front_c
v 0.406250 -0.593750 0.753125
v 0.593750 -0.593750 0.753125
v 0.593750 0.125000 0.753125
v 0.406250 0.125000 0.753125
v 0.406250 -0.593750 0.796875
v 0.593750 -0.593750 0.796875
v 0.593750 0.125000 0.796875
v 0.406250 0.125000 0.796875
vt 0.500000 1.000000
vt 0.750000 1.000000
vt 0.750000 0.750000
vt 0.500000 0.750000
vn 0.000000 0.000000 1.000000
usemtl skull_fiend_atlas
f 853/2545/637 854/2546/637 855/2547/637 856/2548/637
vt 0.500000 1.000000
vt 0.750000 1.000000
vt 0.750000 0.750000
vt 0.500000 0.750000
vn 0.000000 0.000000 -1.000000
f 850/2549/638 849/2550/638 852/2551/638 851/2552/638
vt 0.500000 1.000000
vt 0.750000 1.000000
vt 0.750000 0.750000
vt 0.500000 0.750000
vn -1.000000 0.000000 0.000000
f 849/2553/639 853/2554/639 856/2555/639 852/2556/639
vt 0.500000 1.000000
vt 0.750000 1.000000
vt 0.750000 0.750000
vt 0.500000 0.750000
vn 1.000000 0.000000 0.000000
f 854/2557/640 850/2558/640 851/2559/640 855/2560/640
vt 0.500000 1.000000
vt 0.750000 1.000000
vt 0.750000 0.750000
vt 0.500000 0.750000
vn 0.000000 1.000000 0.000000
f 856/2561/641 855/2562/641 851/2563/641 852/2564/641
vt 0.500000 1.000000
vt 0.750000 1.000000
vt 0.750000 0.750000
vt 0.500000 0.750000
vn 0.000000 -1.000000 0.000000
f 849/2565/642 850/2566/642 854/2567/642 853/2568/642
# part: cloth_shred_tip_c_front_c
v 0.462500 -0.687500 0.756250
v 0.537500 -0.687500 0.756250
v 0.537500 -0.596250 0.756250
v 0.462500 -0.596250 0.756250
v 0.462500 -0.687500 0.793750
v 0.537500 -0.687500 0.793750
v 0.537500 -0.596250 0.793750
v 0.462500 -0.596250 0.793750
vt 0.500000 1.000000
vt 0.750000 1.000000
vt 0.750000 0.750000
vt 0.500000 0.750000
vn 0.000000 0.000000 1.000000
usemtl skull_fiend_atlas
f 861/2569/643 862/2570/643 863/2571/643 864/2572/643
vt 0.500000 1.000000
vt 0.750000 1.000000
vt 0.750000 0.750000
vt 0.500000 0.750000
vn 0.000000 0.000000 -1.000000
f 858/2573/644 857/2574/644 860/2575/644 859/2576/644
vt 0.500000 1.000000
vt 0.750000 1.000000
vt 0.750000 0.750000
vt 0.500000 0.750000
vn -1.000000 0.000000 0.000000
f 857/2577/645 861/2578/645 864/2579/645 860/2580/645
vt 0.500000 1.000000
vt 0.750000 1.000000
vt 0.750000 0.750000
vt 0.500000 0.750000
vn 1.000000 0.000000 0.000000
f 862/2581/646 858/2582/646 859/2583/646 863/2584/646
vt 0.500000 1.000000
vt 0.750000 1.000000
vt 0.750000 0.750000
vt 0.500000 0.750000
vn 0.000000 1.000000 0.000000
f 864/2585/647 863/2586/647 859/2587/647 860/2588/647
vt 0.500000 1.000000
vt 0.750000 1.000000
vt 0.750000 0.750000
vt 0.500000 0.750000
vn 0.000000 -1.000000 0.000000
f 857/2589/648 858/2590/648 862/2591/648 861/2592/648
# part: cloth_shred_main_c_front_r
v 0.612500 -0.375000 0.728125
v 0.762500 -0.375000 0.728125
v 0.762500 0.156250 0.728125
v 0.612500 0.156250 0.728125
v 0.612500 -0.375000 0.771875
v 0.762500 -0.375000 0.771875
v 0.762500 0.156250 0.771875
v 0.612500 0.156250 0.771875
vt 0.500000 1.000000
vt 0.750000 1.000000
vt 0.750000 0.750000
vt 0.500000 0.750000
vn 0.000000 0.000000 1.000000
usemtl skull_fiend_atlas
f 869/2593/649 870/2594/649 871/2595/649 872/2596/649
vt 0.500000 1.000000
vt 0.750000 1.000000
vt 0.750000 0.750000
vt 0.500000 0.750000
vn 0.000000 0.000000 -1.000000
f 866/2597/650 865/2598/650 868/2599/650 867/2600/650
vt 0.500000 1.000000
vt 0.750000 1.000000
vt 0.750000 0.750000
vt 0.500000 0.750000
vn -1.000000 0.000000 0.000000
f 865/2601/651 869/2602/651 872/2603/651 868/2604/651
vt 0.500000 1.000000
vt 0.750000 1.000000
vt 0.750000 0.750000
vt 0.500000 0.750000
vn 1.000000 0.000000 0.000000
f 870/2605/652 866/2606/652 867/2607/652 871/2608/652
vt 0.500000 1.000000
vt 0.750000 1.000000
vt 0.750000 0.750000
vt 0.500000 0.750000
vn 0.000000 1.000000 0.000000
f 872/2609/653 871/2610/653 867/2611/653 868/2612/653
vt 0.500000 1.000000
vt 0.750000 1.000000
vt 0.750000 0.750000
vt 0.500000 0.750000
vn 0.000000 -1.000000 0.000000
f 865/2613/654 866/2614/654 870/2615/654 869/2616/654
# part: cloth_shred_tip_c_front_r
v 0.650000 -0.468750 0.731250
v 0.725000 -0.468750 0.731250
v 0.725000 -0.377500 0.731250
v 0.650000 -0.377500 0.731250
v 0.650000 -0.468750 0.768750
v 0.725000 -0.468750 0.768750
v 0.725000 -0.377500 0.768750
v 0.650000 -0.377500 0.768750
vt 0.500000 1.000000
vt 0.750000 1.000000
vt 0.750000 0.750000
vt 0.500000 0.750000
vn 0.000000 0.000000 1.000000
usemtl skull_fiend_atlas
f 877/2617/655 878/2618/655 879/2619/655 880/2620/655
vt 0.500000 1.000000
vt 0.750000 1.000000
vt 0.750000 0.750000
vt 0.500000 0.750000
vn 0.000000 0.000000 -1.000000
f 874/2621/656 873/2622/656 876/2623/656 875/2624/656
vt 0.500000 1.000000
vt 0.750000 1.000000
vt 0.750000 0.750000
vt 0.500000 0.750000
vn -1.000000 0.000000 0.000000
f 873/2625/657 877/2626/657 880/2627/657 876/2628/657
vt 0.500000 1.000000
vt 0.750000 1.000000
vt 0.750000 0.750000
vt 0.500000 0.750000
vn 1.000000 0.000000 0.000000
f 878/2629/658 874/2630/658 875/2631/658 879/2632/658
vt 0.500000 1.000000
vt 0.750000 1.000000
vt 0.750000 0.750000
vt 0.500000 0.750000
vn 0.000000 1.000000 0.000000
f 880/2633/659 879/2634/659 875/2635/659 876/2636/659
vt 0.500000 1.000000
vt 0.750000 1.000000
vt 0.750000 0.750000
vt 0.500000 0.750000
vn 0.000000 -1.000000 0.000000
f 873/2637/660 874/2638/660 878/2639/660 877/2640/660
# part: cloth_shred_main_c_mid_flank_l
v 0.093750 -0.531250 0.478125
v 0.250000 -0.531250 0.478125
v 0.250000 0.250000 0.478125
v 0.093750 0.250000 0.478125
v 0.093750 -0.531250 0.521875
v 0.250000 -0.531250 0.521875
v 0.250000 0.250000 0.521875
v 0.093750 0.250000 0.521875
vt 0.500000 1.000000
vt 0.750000 1.000000
vt 0.750000 0.750000
vt 0.500000 0.750000
vn 0.000000 0.000000 1.000000
usemtl skull_fiend_atlas
f 885/2641/661 886/2642/661 887/2643/661 888/2644/661
vt 0.500000 1.000000
vt 0.750000 1.000000
vt 0.750000 0.750000
vt 0.500000 0.750000
vn 0.000000 0.000000 -1.000000
f 882/2645/662 881/2646/662 884/2647/662 883/2648/662
vt 0.500000 1.000000
vt 0.750000 1.000000
vt 0.750000 0.750000
vt 0.500000 0.750000
vn -1.000000 0.000000 0.000000
f 881/2649/663 885/2650/663 888/2651/663 884/2652/663
vt 0.500000 1.000000
vt 0.750000 1.000000
vt 0.750000 0.750000
vt 0.500000 0.750000
vn 1.000000 0.000000 0.000000
f 886/2653/664 882/2654/664 883/2655/664 887/2656/664
vt 0.500000 1.000000
vt 0.750000 1.000000
vt 0.750000 0.750000
vt 0.500000 0.750000
vn 0.000000 1.000000 0.000000
f 888/2657/665 887/2658/665 883/2659/665 884/2660/665
vt 0.500000 1.000000
vt 0.750000 1.000000
vt 0.750000 0.750000
vt 0.500000 0.750000
vn 0.000000 -1.000000 0.000000
f 881/2661/666 882/2662/666 886/2663/666 885/2664/666
# part: cloth_shred_tip_c_mid_flank_l
v 0.134375 -0.625000 0.481250
v 0.209375 -0.625000 0.481250
v 0.209375 -0.533750 0.481250
v 0.134375 -0.533750 0.481250
v 0.134375 -0.625000 0.518750
v 0.209375 -0.625000 0.518750
v 0.209375 -0.533750 0.518750
v 0.134375 -0.533750 0.518750
vt 0.500000 1.000000
vt 0.750000 1.000000
vt 0.750000 0.750000
vt 0.500000 0.750000
vn 0.000000 0.000000 1.000000
usemtl skull_fiend_atlas
f 893/2665/667 894/2666/667 895/2667/667 896/2668/667
vt 0.500000 1.000000
vt 0.750000 1.000000
vt 0.750000 0.750000
vt 0.500000 0.750000
vn 0.000000 0.000000 -1.000000
f 890/2669/668 889/2670/668 892/2671/668 891/2672/668
vt 0.500000 1.000000
vt 0.750000 1.000000
vt 0.750000 0.750000
vt 0.500000 0.750000
vn -1.000000 0.000000 0.000000
f 889/2673/669 893/2674/669 896/2675/669 892/2676/669
vt 0.500000 1.000000
vt 0.750000 1.000000
vt 0.750000 0.750000
vt 0.500000 0.750000
vn 1.000000 0.000000 0.000000
f 894/2677/670 890/2678/670 891/2679/670 895/2680/670
vt 0.500000 1.000000
vt 0.750000 1.000000
vt 0.750000 0.750000
vt 0.500000 0.750000
vn 0.000000 1.000000 0.000000
f 896/2681/671 895/2682/671 891/2683/671 892/2684/671
vt 0.500000 1.000000
vt 0.750000 1.000000
vt 0.750000 0.750000
vt 0.500000 0.750000
vn 0.000000 -1.000000 0.000000
f 889/2685/672 890/2686/672 894/2687/672 893/2688/672
# part: cloth_shred_main_c_mid_flank_r
v 0.750000 -0.468750 0.478125
v 0.906250 -0.468750 0.478125
v 0.906250 0.250000 0.478125
v 0.750000 0.250000 0.478125
v 0.750000 -0.468750 0.521875
v 0.906250 -0.468750 0.521875
v 0.906250 0.250000 0.521875
v 0.750000 0.250000 0.521875
vt 0.500000 1.000000
vt 0.750000 1.000000
vt 0.750000 0.750000
vt 0.500000 0.750000
vn 0.000000 0.000000 1.000000
usemtl skull_fiend_atlas
f 901/2689/673 902/2690/673 903/2691/673 904/2692/673
vt 0.500000 1.000000
vt 0.750000 1.000000
vt 0.750000 0.750000
vt 0.500000 0.750000
vn 0.000000 0.000000 -1.000000
f 898/2693/674 897/2694/674 900/2695/674 899/2696/674
vt 0.500000 1.000000
vt 0.750000 1.000000
vt 0.750000 0.750000
vt 0.500000 0.750000
vn -1.000000 0.000000 0.000000
f 897/2697/675 901/2698/675 904/2699/675 900/2700/675
vt 0.500000 1.000000
vt 0.750000 1.000000
vt 0.750000 0.750000
vt 0.500000 0.750000
vn 1.000000 0.000000 0.000000
f 902/2701/676 898/2702/676 899/2703/676 903/2704/676
vt 0.500000 1.000000
vt 0.750000 1.000000
vt 0.750000 0.750000
vt 0.500000 0.750000
vn 0.000000 1.000000 0.000000
f 904/2705/677 903/2706/677 899/2707/677 900/2708/677
vt 0.500000 1.000000
vt 0.750000 1.000000
vt 0.750000 0.750000
vt 0.500000 0.750000
vn 0.000000 -1.000000 0.000000
f 897/2709/678 898/2710/678 902/2711/678 901/2712/678
# part: cloth_shred_tip_c_mid_flank_r
v 0.790625 -0.562500 0.481250
v 0.865625 -0.562500 0.481250
v 0.865625 -0.471250 0.481250
v 0.790625 -0.471250 0.481250
v 0.790625 -0.562500 0.518750
v 0.865625 -0.562500 0.518750
v 0.865625 -0.471250 0.518750
v 0.790625 -0.471250 0.518750
vt 0.500000 1.000000
vt 0.750000 1.000000
vt 0.750000 0.750000
vt 0.500000 0.750000
vn 0.000000 0.000000 1.000000
usemtl skull_fiend_atlas
f 909/2713/679 910/2714/679 911/2715/679 912/2716/679
vt 0.500000 1.000000
vt 0.750000 1.000000
vt 0.750000 0.750000
vt 0.500000 0.750000
vn 0.000000 0.000000 -1.000000
f 906/2717/680 905/2718/680 908/2719/680 907/2720/680
vt 0.500000 1.000000
vt 0.750000 1.000000
vt 0.750000 0.750000
vt 0.500000 0.750000
vn -1.000000 0.000000 0.000000
f 905/2721/681 909/2722/681 912/2723/681 908/2724/681
vt 0.500000 1.000000
vt 0.750000 1.000000
vt 0.750000 0.750000
vt 0.500000 0.750000
vn 1.000000 0.000000 0.000000
f 910/2725/682 906/2726/682 907/2727/682 911/2728/682
vt 0.500000 1.000000
vt 0.750000 1.000000
vt 0.750000 0.750000
vt 0.500000 0.750000
vn 0.000000 1.000000 0.000000
f 912/2729/683 911/2730/683 907/2731/683 908/2732/683
vt 0.500000 1.000000
vt 0.750000 1.000000
vt 0.750000 0.750000
vt 0.500000 0.750000
vn 0.000000 -1.000000 0.000000
f 905/2733/684 906/2734/684 910/2735/684 909/2736/684
# part: cloth_shred_main_c_rear_shred_1
v 0.300000 -0.656250 0.240625
v 0.500000 -0.656250 0.240625
v 0.500000 0.062500 0.240625
v 0.300000 0.062500 0.240625
v 0.300000 -0.656250 0.284375
v 0.500000 -0.656250 0.284375
v 0.500000 0.062500 0.284375
v 0.300000 0.062500 0.284375
vt 0.500000 1.000000
vt 0.750000 1.000000
vt 0.750000 0.750000
vt 0.500000 0.750000
vn 0.000000 0.000000 1.000000
usemtl skull_fiend_atlas
f 917/2737/685 918/2738/685 919/2739/685 920/2740/685
vt 0.500000 1.000000
vt 0.750000 1.000000
vt 0.750000 0.750000
vt 0.500000 0.750000
vn 0.000000 0.000000 -1.000000
f 914/2741/686 913/2742/686 916/2743/686 915/2744/686
vt 0.500000 1.000000
vt 0.750000 1.000000
vt 0.750000 0.750000
vt 0.500000 0.750000
vn -1.000000 0.000000 0.000000
f 913/2745/687 917/2746/687 920/2747/687 916/2748/687
vt 0.500000 1.000000
vt 0.750000 1.000000
vt 0.750000 0.750000
vt 0.500000 0.750000
vn 1.000000 0.000000 0.000000
f 918/2749/688 914/2750/688 915/2751/688 919/2752/688
vt 0.500000 1.000000
vt 0.750000 1.000000
vt 0.750000 0.750000
vt 0.500000 0.750000
vn 0.000000 1.000000 0.000000
f 920/2753/689 919/2754/689 915/2755/689 916/2756/689
vt 0.500000 1.000000
vt 0.750000 1.000000
vt 0.750000 0.750000
vt 0.500000 0.750000
vn 0.000000 -1.000000 0.000000
f 913/2757/690 914/2758/690 918/2759/690 917/2760/690
# part: cloth_shred_tip_c_rear_shred_1
v 0.362500 -0.750000 0.243750
v 0.437500 -0.750000 0.243750
v 0.437500 -0.658750 0.243750
v 0.362500 -0.658750 0.243750
v 0.362500 -0.750000 0.281250
v 0.437500 -0.750000 0.281250
v 0.437500 -0.658750 0.281250
v 0.362500 -0.658750 0.281250
vt 0.500000 1.000000
vt 0.750000 1.000000
vt 0.750000 0.750000
vt 0.500000 0.750000
vn 0.000000 0.000000 1.000000
usemtl skull_fiend_atlas
f 925/2761/691 926/2762/691 927/2763/691 928/2764/691
vt 0.500000 1.000000
vt 0.750000 1.000000
vt 0.750000 0.750000
vt 0.500000 0.750000
vn 0.000000 0.000000 -1.000000
f 922/2765/692 921/2766/692 924/2767/692 923/2768/692
vt 0.500000 1.000000
vt 0.750000 1.000000
vt 0.750000 0.750000
vt 0.500000 0.750000
vn -1.000000 0.000000 0.000000
f 921/2769/693 925/2770/693 928/2771/693 924/2772/693
vt 0.500000 1.000000
vt 0.750000 1.000000
vt 0.750000 0.750000
vt 0.500000 0.750000
vn 1.000000 0.000000 0.000000
f 926/2773/694 922/2774/694 923/2775/694 927/2776/694
vt 0.500000 1.000000
vt 0.750000 1.000000
vt 0.750000 0.750000
vt 0.500000 0.750000
vn 0.000000 1.000000 0.000000
f 928/2777/695 927/2778/695 923/2779/695 924/2780/695
vt 0.500000 1.000000
vt 0.750000 1.000000
vt 0.750000 0.750000
vt 0.500000 0.750000
vn 0.000000 -1.000000 0.000000
f 921/2781/696 922/2782/696 926/2783/696 925/2784/696
# part: cloth_shred_main_c_rear_shred_2
v 0.500000 -0.562500 0.240625
v 0.700000 -0.562500 0.240625
v 0.700000 0.062500 0.240625
v 0.500000 0.062500 0.240625
v 0.500000 -0.562500 0.284375
v 0.700000 -0.562500 0.284375
v 0.700000 0.062500 0.284375
v 0.500000 0.062500 0.284375
vt 0.500000 1.000000
vt 0.750000 1.000000
vt 0.750000 0.750000
vt 0.500000 0.750000
vn 0.000000 0.000000 1.000000
usemtl skull_fiend_atlas
f 933/2785/697 934/2786/697 935/2787/697 936/2788/697
vt 0.500000 1.000000
vt 0.750000 1.000000
vt 0.750000 0.750000
vt 0.500000 0.750000
vn 0.000000 0.000000 -1.000000
f 930/2789/698 929/2790/698 932/2791/698 931/2792/698
vt 0.500000 1.000000
vt 0.750000 1.000000
vt 0.750000 0.750000
vt 0.500000 0.750000
vn -1.000000 0.000000 0.000000
f 929/2793/699 933/2794/699 936/2795/699 932/2796/699
vt 0.500000 1.000000
vt 0.750000 1.000000
vt 0.750000 0.750000
vt 0.500000 0.750000
vn 1.000000 0.000000 0.000000
f 934/2797/700 930/2798/700 931/2799/700 935/2800/700
vt 0.500000 1.000000
vt 0.750000 1.000000
vt 0.750000 0.750000
vt 0.500000 0.750000
vn 0.000000 1.000000 0.000000
f 936/2801/701 935/2802/701 931/2803/701 932/2804/701
vt 0.500000 1.000000
vt 0.750000 1.000000
vt 0.750000 0.750000
vt 0.500000 0.750000
vn 0.000000 -1.000000 0.000000
f 929/2805/702 930/2806/702 934/2807/702 933/2808/702
# part: cloth_shred_tip_c_rear_shred_2
v 0.562500 -0.656250 0.243750
v 0.637500 -0.656250 0.243750
v 0.637500 -0.565000 0.243750
v 0.562500 -0.565000 0.243750
v 0.562500 -0.656250 0.281250
v 0.637500 -0.656250 0.281250
v 0.637500 -0.565000 0.281250
v 0.562500 -0.565000 0.281250
vt 0.500000 1.000000
vt 0.750000 1.000000
vt 0.750000 0.750000
vt 0.500000 0.750000
vn 0.000000 0.000000 1.000000
usemtl skull_fiend_atlas
f 941/2809/703 942/2810/703 943/2811/703 944/2812/703
vt 0.500000 1.000000
vt 0.750000 1.000000
vt 0.750000 0.750000
vt 0.500000 0.750000
vn 0.000000 0.000000 -1.000000
f 938/2813/704 937/2814/704 940/2815/704 939/2816/704
vt 0.500000 1.000000
vt 0.750000 1.000000
vt 0.750000 0.750000
vt 0.500000 0.750000
vn -1.000000 0.000000 0.000000
f 937/2817/705 941/2818/705 944/2819/705 940/2820/705
vt 0.500000 1.000000
vt 0.750000 1.000000
vt 0.750000 0.750000
vt 0.500000 0.750000
vn 1.000000 0.000000 0.000000
f 942/2821/706 938/2822/706 939/2823/706 943/2824/706
vt 0.500000 1.000000
vt 0.750000 1.000000
vt 0.750000 0.750000
vt 0.500000 0.750000
vn 0.000000 1.000000 0.000000
f 944/2825/707 943/2826/707 939/2827/707 940/2828/707
vt 0.500000 1.000000
vt 0.750000 1.000000
vt 0.750000 0.750000
vt 0.500000 0.750000
vn 0.000000 -1.000000 0.000000
f 937/2829/708 938/2830/708 942/2831/708 941/2832/708
# part: chain_left_link_0_f
v 0.131250 0.597500 0.443750
v 0.218750 0.597500 0.443750
v 0.218750 0.697500 0.443750
v 0.131250 0.697500 0.443750
v 0.131250 0.597500 0.481250
v 0.218750 0.597500 0.481250
v 0.218750 0.697500 0.481250
v 0.131250 0.697500 0.481250
vt 0.000000 0.250000
vt 0.250000 0.250000
vt 0.250000 0.000000
vt 0.000000 0.000000
vn 0.000000 0.000000 1.000000
usemtl skull_fiend_atlas
f 949/2833/709 950/2834/709 951/2835/709 952/2836/709
vt 0.000000 0.250000
vt 0.250000 0.250000
vt 0.250000 0.000000
vt 0.000000 0.000000
vn 0.000000 0.000000 -1.000000
f 946/2837/710 945/2838/710 948/2839/710 947/2840/710
vt 0.000000 0.250000
vt 0.250000 0.250000
vt 0.250000 0.000000
vt 0.000000 0.000000
vn -1.000000 0.000000 0.000000
f 945/2841/711 949/2842/711 952/2843/711 948/2844/711
vt 0.000000 0.250000
vt 0.250000 0.250000
vt 0.250000 0.000000
vt 0.000000 0.000000
vn 1.000000 0.000000 0.000000
f 950/2845/712 946/2846/712 947/2847/712 951/2848/712
vt 0.000000 0.250000
vt 0.250000 0.250000
vt 0.250000 0.000000
vt 0.000000 0.000000
vn 0.000000 1.000000 0.000000
f 952/2849/713 951/2850/713 947/2851/713 948/2852/713
vt 0.000000 0.250000
vt 0.250000 0.250000
vt 0.250000 0.000000
vt 0.000000 0.000000
vn 0.000000 -1.000000 0.000000
f 945/2853/714 946/2854/714 950/2855/714 949/2856/714
# part: chain_left_link_1_s
v 0.156250 0.516250 0.418750
v 0.193750 0.516250 0.418750
v 0.193750 0.616250 0.418750
v 0.156250 0.616250 0.418750
v 0.156250 0.516250 0.506250
v 0.193750 0.516250 0.506250
v 0.193750 0.616250 0.506250
v 0.156250 0.616250 0.506250
vt 0.000000 0.250000
vt 0.250000 0.250000
vt 0.250000 0.000000
vt 0.000000 0.000000
vn 0.000000 0.000000 1.000000
usemtl skull_fiend_atlas
f 957/2857/715 958/2858/715 959/2859/715 960/2860/715
vt 0.000000 0.250000
vt 0.250000 0.250000
vt 0.250000 0.000000
vt 0.000000 0.000000
vn 0.000000 0.000000 -1.000000
f 954/2861/716 953/2862/716 956/2863/716 955/2864/716
vt 0.000000 0.250000
vt 0.250000 0.250000
vt 0.250000 0.000000
vt 0.000000 0.000000
vn -1.000000 0.000000 0.000000
f 953/2865/717 957/2866/717 960/2867/717 956/2868/717
vt 0.000000 0.250000
vt 0.250000 0.250000
vt 0.250000 0.000000
vt 0.000000 0.000000
vn 1.000000 0.000000 0.000000
f 958/2869/718 954/2870/718 955/2871/718 959/2872/718
vt 0.000000 0.250000
vt 0.250000 0.250000
vt 0.250000 0.000000
vt 0.000000 0.000000
vn 0.000000 1.000000 0.000000
f 960/2873/719 959/2874/719 955/2875/719 956/2876/719
vt 0.000000 0.250000
vt 0.250000 0.250000
vt 0.250000 0.000000
vt 0.000000 0.000000
vn 0.000000 -1.000000 0.000000
f 953/2877/720 954/2878/720 958/2879/720 957/2880/720
# part: chain_left_link_2_f
v 0.131250 0.435000 0.443750
v 0.218750 0.435000 0.443750
v 0.218750 0.535000 0.443750
v 0.131250 0.535000 0.443750
v 0.131250 0.435000 0.481250
v 0.218750 0.435000 0.481250
v 0.218750 0.535000 0.481250
v 0.131250 0.535000 0.481250
vt 0.000000 0.250000
vt 0.250000 0.250000
vt 0.250000 0.000000
vt 0.000000 0.000000
vn 0.000000 0.000000 1.000000
usemtl skull_fiend_atlas
f 965/2881/721 966/2882/721 967/2883/721 968/2884/721
vt 0.000000 0.250000
vt 0.250000 0.250000
vt 0.250000 0.000000
vt 0.000000 0.000000
vn 0.000000 0.000000 -1.000000
f 962/2885/722 961/2886/722 964/2887/722 963/2888/722
vt 0.000000 0.250000
vt 0.250000 0.250000
vt 0.250000 0.000000
vt 0.000000 0.000000
vn -1.000000 0.000000 0.000000
f 961/2889/723 965/2890/723 968/2891/723 964/2892/723
vt 0.000000 0.250000
vt 0.250000 0.250000
vt 0.250000 0.000000
vt 0.000000 0.000000
vn 1.000000 0.000000 0.000000
f 966/2893/724 962/2894/724 963/2895/724 967/2896/724
vt 0.000000 0.250000
vt 0.250000 0.250000
vt 0.250000 0.000000
vt 0.000000 0.000000
vn 0.000000 1.000000 0.000000
f 968/2897/725 967/2898/725 963/2899/725 964/2900/725
vt 0.000000 0.250000
vt 0.250000 0.250000
vt 0.250000 0.000000
vt 0.000000 0.000000
vn 0.000000 -1.000000 0.000000
f 961/2901/726 962/2902/726 966/2903/726 965/2904/726
# part: chain_left_link_3_s
v 0.156250 0.353750 0.418750
v 0.193750 0.353750 0.418750
v 0.193750 0.453750 0.418750
v 0.156250 0.453750 0.418750
v 0.156250 0.353750 0.506250
v 0.193750 0.353750 0.506250
v 0.193750 0.453750 0.506250
v 0.156250 0.453750 0.506250
vt 0.000000 0.250000
vt 0.250000 0.250000
vt 0.250000 0.000000
vt 0.000000 0.000000
vn 0.000000 0.000000 1.000000
usemtl skull_fiend_atlas
f 973/2905/727 974/2906/727 975/2907/727 976/2908/727
vt 0.000000 0.250000
vt 0.250000 0.250000
vt 0.250000 0.000000
vt 0.000000 0.000000
vn 0.000000 0.000000 -1.000000
f 970/2909/728 969/2910/728 972/2911/728 971/2912/728
vt 0.000000 0.250000
vt 0.250000 0.250000
vt 0.250000 0.000000
vt 0.000000 0.000000
vn -1.000000 0.000000 0.000000
f 969/2913/729 973/2914/729 976/2915/729 972/2916/729
vt 0.000000 0.250000
vt 0.250000 0.250000
vt 0.250000 0.000000
vt 0.000000 0.000000
vn 1.000000 0.000000 0.000000
f 974/2917/730 970/2918/730 971/2919/730 975/2920/730
vt 0.000000 0.250000
vt 0.250000 0.250000
vt 0.250000 0.000000
vt 0.000000 0.000000
vn 0.000000 1.000000 0.000000
f 976/2921/731 975/2922/731 971/2923/731 972/2924/731
vt 0.000000 0.250000
vt 0.250000 0.250000
vt 0.250000 0.000000
vt 0.000000 0.000000
vn 0.000000 -1.000000 0.000000
f 969/2925/732 970/2926/732 974/2927/732 973/2928/732
# part: chain_left_link_4_f
v 0.131250 0.272500 0.443750
v 0.218750 0.272500 0.443750
v 0.218750 0.372500 0.443750
v 0.131250 0.372500 0.443750
v 0.131250 0.272500 0.481250
v 0.218750 0.272500 0.481250
v 0.218750 0.372500 0.481250
v 0.131250 0.372500 0.481250
vt 0.000000 0.250000
vt 0.250000 0.250000
vt 0.250000 0.000000
vt 0.000000 0.000000
vn 0.000000 0.000000 1.000000
usemtl skull_fiend_atlas
f 981/2929/733 982/2930/733 983/2931/733 984/2932/733
vt 0.000000 0.250000
vt 0.250000 0.250000
vt 0.250000 0.000000
vt 0.000000 0.000000
vn 0.000000 0.000000 -1.000000
f 978/2933/734 977/2934/734 980/2935/734 979/2936/734
vt 0.000000 0.250000
vt 0.250000 0.250000
vt 0.250000 0.000000
vt 0.000000 0.000000
vn -1.000000 0.000000 0.000000
f 977/2937/735 981/2938/735 984/2939/735 980/2940/735
vt 0.000000 0.250000
vt 0.250000 0.250000
vt 0.250000 0.000000
vt 0.000000 0.000000
vn 1.000000 0.000000 0.000000
f 982/2941/736 978/2942/736 979/2943/736 983/2944/736
vt 0.000000 0.250000
vt 0.250000 0.250000
vt 0.250000 0.000000
vt 0.000000 0.000000
vn 0.000000 1.000000 0.000000
f 984/2945/737 983/2946/737 979/2947/737 980/2948/737
vt 0.000000 0.250000
vt 0.250000 0.250000
vt 0.250000 0.000000
vt 0.000000 0.000000
vn 0.000000 -1.000000 0.000000
f 977/2949/738 978/2950/738 982/2951/738 981/2952/738
# part: chain_left_link_5_s
v 0.156250 0.191250 0.418750
v 0.193750 0.191250 0.418750
v 0.193750 0.291250 0.418750
v 0.156250 0.291250 0.418750
v 0.156250 0.191250 0.506250
v 0.193750 0.191250 0.506250
v 0.193750 0.291250 0.506250
v 0.156250 0.291250 0.506250
vt 0.000000 0.250000
vt 0.250000 0.250000
vt 0.250000 0.000000
vt 0.000000 0.000000
vn 0.000000 0.000000 1.000000
usemtl skull_fiend_atlas
f 989/2953/739 990/2954/739 991/2955/739 992/2956/739
vt 0.000000 0.250000
vt 0.250000 0.250000
vt 0.250000 0.000000
vt 0.000000 0.000000
vn 0.000000 0.000000 -1.000000
f 986/2957/740 985/2958/740 988/2959/740 987/2960/740
vt 0.000000 0.250000
vt 0.250000 0.250000
vt 0.250000 0.000000
vt 0.000000 0.000000
vn -1.000000 0.000000 0.000000
f 985/2961/741 989/2962/741 992/2963/741 988/2964/741
vt 0.000000 0.250000
vt 0.250000 0.250000
vt 0.250000 0.000000
vt 0.000000 0.000000
vn 1.000000 0.000000 0.000000
f 990/2965/742 986/2966/742 987/2967/742 991/2968/742
vt 0.000000 0.250000
vt 0.250000 0.250000
vt 0.250000 0.000000
vt 0.000000 0.000000
vn 0.000000 1.000000 0.000000
f 992/2969/743 991/2970/743 987/2971/743 988/2972/743
vt 0.000000 0.250000
vt 0.250000 0.250000
vt 0.250000 0.000000
vt 0.000000 0.000000
vn 0.000000 -1.000000 0.000000
f 985/2973/744 986/2974/744 990/2975/744 989/2976/744
# part: chain_left_link_6_f
v 0.131250 0.110000 0.443750
v 0.218750 0.110000 0.443750
v 0.218750 0.210000 0.443750
v 0.131250 0.210000 0.443750
v 0.131250 0.110000 0.481250
v 0.218750 0.110000 0.481250
v 0.218750 0.210000 0.481250
v 0.131250 0.210000 0.481250
vt 0.000000 0.250000
vt 0.250000 0.250000
vt 0.250000 0.000000
vt 0.000000 0.000000
vn 0.000000 0.000000 1.000000
usemtl skull_fiend_atlas
f 997/2977/745 998/2978/745 999/2979/745 1000/2980/745
vt 0.000000 0.250000
vt 0.250000 0.250000
vt 0.250000 0.000000
vt 0.000000 0.000000
vn 0.000000 0.000000 -1.000000
f 994/2981/746 993/2982/746 996/2983/746 995/2984/746
vt 0.000000 0.250000
vt 0.250000 0.250000
vt 0.250000 0.000000
vt 0.000000 0.000000
vn -1.000000 0.000000 0.000000
f 993/2985/747 997/2986/747 1000/2987/747 996/2988/747
vt 0.000000 0.250000
vt 0.250000 0.250000
vt 0.250000 0.000000
vt 0.000000 0.000000
vn 1.000000 0.000000 0.000000
f 998/2989/748 994/2990/748 995/2991/748 999/2992/748
vt 0.000000 0.250000
vt 0.250000 0.250000
vt 0.250000 0.000000
vt 0.000000 0.000000
vn 0.000000 1.000000 0.000000
f 1000/2993/749 999/2994/749 995/2995/749 996/2996/749
vt 0.000000 0.250000
vt 0.250000 0.250000
vt 0.250000 0.000000
vt 0.000000 0.000000
vn 0.000000 -1.000000 0.000000
f 993/2997/750 994/2998/750 998/2999/750 997/3000/750
# part: chain_left_link_7_s
v 0.156250 0.028750 0.418750
v 0.193750 0.028750 0.418750
v 0.193750 0.128750 0.418750
v 0.156250 0.128750 0.418750
v 0.156250 0.028750 0.506250
v 0.193750 0.028750 0.506250
v 0.193750 0.128750 0.506250
v 0.156250 0.128750 0.506250
vt 0.000000 0.250000
vt 0.250000 0.250000
vt 0.250000 0.000000
vt 0.000000 0.000000
vn 0.000000 0.000000 1.000000
usemtl skull_fiend_atlas
f 1005/3001/751 1006/3002/751 1007/3003/751 1008/3004/751
vt 0.000000 0.250000
vt 0.250000 0.250000
vt 0.250000 0.000000
vt 0.000000 0.000000
vn 0.000000 0.000000 -1.000000
f 1002/3005/752 1001/3006/752 1004/3007/752 1003/3008/752
vt 0.000000 0.250000
vt 0.250000 0.250000
vt 0.250000 0.000000
vt 0.000000 0.000000
vn -1.000000 0.000000 0.000000
f 1001/3009/753 1005/3010/753 1008/3011/753 1004/3012/753
vt 0.000000 0.250000
vt 0.250000 0.250000
vt 0.250000 0.000000
vt 0.000000 0.000000
vn 1.000000 0.000000 0.000000
f 1006/3013/754 1002/3014/754 1003/3015/754 1007/3016/754
vt 0.000000 0.250000
vt 0.250000 0.250000
vt 0.250000 0.000000
vt 0.000000 0.000000
vn 0.000000 1.000000 0.000000
f 1008/3017/755 1007/3018/755 1003/3019/755 1004/3020/755
vt 0.000000 0.250000
vt 0.250000 0.250000
vt 0.250000 0.000000
vt 0.000000 0.000000
vn 0.000000 -1.000000 0.000000
f 1001/3021/756 1002/3022/756 1006/3023/756 1005/3024/756
# part: chain_left_link_8_f
v 0.131250 -0.052500 0.443750
v 0.218750 -0.052500 0.443750
v 0.218750 0.047500 0.443750
v 0.131250 0.047500 0.443750
v 0.131250 -0.052500 0.481250
v 0.218750 -0.052500 0.481250
v 0.218750 0.047500 0.481250
v 0.131250 0.047500 0.481250
vt 0.000000 0.250000
vt 0.250000 0.250000
vt 0.250000 0.000000
vt 0.000000 0.000000
vn 0.000000 0.000000 1.000000
usemtl skull_fiend_atlas
f 1013/3025/757 1014/3026/757 1015/3027/757 1016/3028/757
vt 0.000000 0.250000
vt 0.250000 0.250000
vt 0.250000 0.000000
vt 0.000000 0.000000
vn 0.000000 0.000000 -1.000000
f 1010/3029/758 1009/3030/758 1012/3031/758 1011/3032/758
vt 0.000000 0.250000
vt 0.250000 0.250000
vt 0.250000 0.000000
vt 0.000000 0.000000
vn -1.000000 0.000000 0.000000
f 1009/3033/759 1013/3034/759 1016/3035/759 1012/3036/759
vt 0.000000 0.250000
vt 0.250000 0.250000
vt 0.250000 0.000000
vt 0.000000 0.000000
vn 1.000000 0.000000 0.000000
f 1014/3037/760 1010/3038/760 1011/3039/760 1015/3040/760
vt 0.000000 0.250000
vt 0.250000 0.250000
vt 0.250000 0.000000
vt 0.000000 0.000000
vn 0.000000 1.000000 0.000000
f 1016/3041/761 1015/3042/761 1011/3043/761 1012/3044/761
vt 0.000000 0.250000
vt 0.250000 0.250000
vt 0.250000 0.000000
vt 0.000000 0.000000
vn 0.000000 -1.000000 0.000000
f 1009/3045/762 1010/3046/762 1014/3047/762 1013/3048/762
# part: chain_left_link_9_s
v 0.156250 -0.133750 0.418750
v 0.193750 -0.133750 0.418750
v 0.193750 -0.033750 0.418750
v 0.156250 -0.033750 0.418750
v 0.156250 -0.133750 0.506250
v 0.193750 -0.133750 0.506250
v 0.193750 -0.033750 0.506250
v 0.156250 -0.033750 0.506250
vt 0.000000 0.250000
vt 0.250000 0.250000
vt 0.250000 0.000000
vt 0.000000 0.000000
vn 0.000000 0.000000 1.000000
usemtl skull_fiend_atlas
f 1021/3049/763 1022/3050/763 1023/3051/763 1024/3052/763
vt 0.000000 0.250000
vt 0.250000 0.250000
vt 0.250000 0.000000
vt 0.000000 0.000000
vn 0.000000 0.000000 -1.000000
f 1018/3053/764 1017/3054/764 1020/3055/764 1019/3056/764
vt 0.000000 0.250000
vt 0.250000 0.250000
vt 0.250000 0.000000
vt 0.000000 0.000000
vn -1.000000 0.000000 0.000000
f 1017/3057/765 1021/3058/765 1024/3059/765 1020/3060/765
vt 0.000000 0.250000
vt 0.250000 0.250000
vt 0.250000 0.000000
vt 0.000000 0.000000
vn 1.000000 0.000000 0.000000
f 1022/3061/766 1018/3062/766 1019/3063/766 1023/3064/766
vt 0.000000 0.250000
vt 0.250000 0.250000
vt 0.250000 0.000000
vt 0.000000 0.000000
vn 0.000000 1.000000 0.000000
f 1024/3065/767 1023/3066/767 1019/3067/767 1020/3068/767
vt 0.000000 0.250000
vt 0.250000 0.250000
vt 0.250000 0.000000
vt 0.000000 0.000000
vn 0.000000 -1.000000 0.000000
f 1017/3069/768 1018/3070/768 1022/3071/768 1021/3072/768
# part: chain_left_link_10_f
v 0.131250 -0.215000 0.443750
v 0.218750 -0.215000 0.443750
v 0.218750 -0.115000 0.443750
v 0.131250 -0.115000 0.443750
v 0.131250 -0.215000 0.481250
v 0.218750 -0.215000 0.481250
v 0.218750 -0.115000 0.481250
v 0.131250 -0.115000 0.481250
vt 0.000000 0.250000
vt 0.250000 0.250000
vt 0.250000 0.000000
vt 0.000000 0.000000
vn 0.000000 0.000000 1.000000
usemtl skull_fiend_atlas
f 1029/3073/769 1030/3074/769 1031/3075/769 1032/3076/769
vt 0.000000 0.250000
vt 0.250000 0.250000
vt 0.250000 0.000000
vt 0.000000 0.000000
vn 0.000000 0.000000 -1.000000
f 1026/3077/770 1025/3078/770 1028/3079/770 1027/3080/770
vt 0.000000 0.250000
vt 0.250000 0.250000
vt 0.250000 0.000000
vt 0.000000 0.000000
vn -1.000000 0.000000 0.000000
f 1025/3081/771 1029/3082/771 1032/3083/771 1028/3084/771
vt 0.000000 0.250000
vt 0.250000 0.250000
vt 0.250000 0.000000
vt 0.000000 0.000000
vn 1.000000 0.000000 0.000000
f 1030/3085/772 1026/3086/772 1027/3087/772 1031/3088/772
vt 0.000000 0.250000
vt 0.250000 0.250000
vt 0.250000 0.000000
vt 0.000000 0.000000
vn 0.000000 1.000000 0.000000
f 1032/3089/773 1031/3090/773 1027/3091/773 1028/3092/773
vt 0.000000 0.250000
vt 0.250000 0.250000
vt 0.250000 0.000000
vt 0.000000 0.000000
vn 0.000000 -1.000000 0.000000
f 1025/3093/774 1026/3094/774 1030/3095/774 1029/3096/774
# part: chain_weight_body_left
v 0.106250 -0.371250 0.393750
v 0.243750 -0.371250 0.393750
v 0.243750 -0.198750 0.393750
v 0.106250 -0.198750 0.393750
v 0.106250 -0.371250 0.531250
v 0.243750 -0.371250 0.531250
v 0.243750 -0.198750 0.531250
v 0.106250 -0.198750 0.531250
vt 0.000000 0.250000
vt 0.250000 0.250000
vt 0.250000 0.000000
vt 0.000000 0.000000
vn 0.000000 0.000000 1.000000
usemtl skull_fiend_atlas
f 1037/3097/775 1038/3098/775 1039/3099/775 1040/3100/775
vt 0.000000 0.250000
vt 0.250000 0.250000
vt 0.250000 0.000000
vt 0.000000 0.000000
vn 0.000000 0.000000 -1.000000
f 1034/3101/776 1033/3102/776 1036/3103/776 1035/3104/776
vt 0.000000 0.250000
vt 0.250000 0.250000
vt 0.250000 0.000000
vt 0.000000 0.000000
vn -1.000000 0.000000 0.000000
f 1033/3105/777 1037/3106/777 1040/3107/777 1036/3108/777
vt 0.000000 0.250000
vt 0.250000 0.250000
vt 0.250000 0.000000
vt 0.000000 0.000000
vn 1.000000 0.000000 0.000000
f 1038/3109/778 1034/3110/778 1035/3111/778 1039/3112/778
vt 0.000000 0.250000
vt 0.250000 0.250000
vt 0.250000 0.000000
vt 0.000000 0.000000
vn 0.000000 1.000000 0.000000
f 1040/3113/779 1039/3114/779 1035/3115/779 1036/3116/779
vt 0.000000 0.250000
vt 0.250000 0.250000
vt 0.250000 0.000000
vt 0.000000 0.000000
vn 0.000000 -1.000000 0.000000
f 1033/3117/780 1034/3118/780 1038/3119/780 1037/3120/780
# part: chain_weight_rivet_band_left
v 0.101250 -0.321250 0.388750
v 0.248750 -0.321250 0.388750
v 0.248750 -0.271250 0.388750
v 0.101250 -0.271250 0.388750
v 0.101250 -0.321250 0.536250
v 0.248750 -0.321250 0.536250
v 0.248750 -0.271250 0.536250
v 0.101250 -0.271250 0.536250
vt 0.500000 0.250000
vt 0.750000 0.250000
vt 0.750000 0.000000
vt 0.500000 0.000000
vn 0.000000 0.000000 1.000000
usemtl skull_fiend_atlas
f 1045/3121/781 1046/3122/781 1047/3123/781 1048/3124/781
vt 0.500000 0.250000
vt 0.750000 0.250000
vt 0.750000 0.000000
vt 0.500000 0.000000
vn 0.000000 0.000000 -1.000000
f 1042/3125/782 1041/3126/782 1044/3127/782 1043/3128/782
vt 0.500000 0.250000
vt 0.750000 0.250000
vt 0.750000 0.000000
vt 0.500000 0.000000
vn -1.000000 0.000000 0.000000
f 1041/3129/783 1045/3130/783 1048/3131/783 1044/3132/783
vt 0.500000 0.250000
vt 0.750000 0.250000
vt 0.750000 0.000000
vt 0.500000 0.000000
vn 1.000000 0.000000 0.000000
f 1046/3133/784 1042/3134/784 1043/3135/784 1047/3136/784
vt 0.500000 0.250000
vt 0.750000 0.250000
vt 0.750000 0.000000
vt 0.500000 0.000000
vn 0.000000 1.000000 0.000000
f 1048/3137/785 1047/3138/785 1043/3139/785 1044/3140/785
vt 0.500000 0.250000
vt 0.750000 0.250000
vt 0.750000 0.000000
vt 0.500000 0.000000
vn 0.000000 -1.000000 0.000000
f 1041/3141/786 1042/3142/786 1046/3143/786 1045/3144/786
# part: chain_right_link_0_f
v 0.781250 0.597500 0.443750
v 0.868750 0.597500 0.443750
v 0.868750 0.697500 0.443750
v 0.781250 0.697500 0.443750
v 0.781250 0.597500 0.481250
v 0.868750 0.597500 0.481250
v 0.868750 0.697500 0.481250
v 0.781250 0.697500 0.481250
vt 0.000000 0.250000
vt 0.250000 0.250000
vt 0.250000 0.000000
vt 0.000000 0.000000
vn 0.000000 0.000000 1.000000
usemtl skull_fiend_atlas
f 1053/3145/787 1054/3146/787 1055/3147/787 1056/3148/787
vt 0.000000 0.250000
vt 0.250000 0.250000
vt 0.250000 0.000000
vt 0.000000 0.000000
vn 0.000000 0.000000 -1.000000
f 1050/3149/788 1049/3150/788 1052/3151/788 1051/3152/788
vt 0.000000 0.250000
vt 0.250000 0.250000
vt 0.250000 0.000000
vt 0.000000 0.000000
vn -1.000000 0.000000 0.000000
f 1049/3153/789 1053/3154/789 1056/3155/789 1052/3156/789
vt 0.000000 0.250000
vt 0.250000 0.250000
vt 0.250000 0.000000
vt 0.000000 0.000000
vn 1.000000 0.000000 0.000000
f 1054/3157/790 1050/3158/790 1051/3159/790 1055/3160/790
vt 0.000000 0.250000
vt 0.250000 0.250000
vt 0.250000 0.000000
vt 0.000000 0.000000
vn 0.000000 1.000000 0.000000
f 1056/3161/791 1055/3162/791 1051/3163/791 1052/3164/791
vt 0.000000 0.250000
vt 0.250000 0.250000
vt 0.250000 0.000000
vt 0.000000 0.000000
vn 0.000000 -1.000000 0.000000
f 1049/3165/792 1050/3166/792 1054/3167/792 1053/3168/792
# part: chain_right_link_1_s
v 0.806250 0.516250 0.418750
v 0.843750 0.516250 0.418750
v 0.843750 0.616250 0.418750
v 0.806250 0.616250 0.418750
v 0.806250 0.516250 0.506250
v 0.843750 0.516250 0.506250
v 0.843750 0.616250 0.506250
v 0.806250 0.616250 0.506250
vt 0.000000 0.250000
vt 0.250000 0.250000
vt 0.250000 0.000000
vt 0.000000 0.000000
vn 0.000000 0.000000 1.000000
usemtl skull_fiend_atlas
f 1061/3169/793 1062/3170/793 1063/3171/793 1064/3172/793
vt 0.000000 0.250000
vt 0.250000 0.250000
vt 0.250000 0.000000
vt 0.000000 0.000000
vn 0.000000 0.000000 -1.000000
f 1058/3173/794 1057/3174/794 1060/3175/794 1059/3176/794
vt 0.000000 0.250000
vt 0.250000 0.250000
vt 0.250000 0.000000
vt 0.000000 0.000000
vn -1.000000 0.000000 0.000000
f 1057/3177/795 1061/3178/795 1064/3179/795 1060/3180/795
vt 0.000000 0.250000
vt 0.250000 0.250000
vt 0.250000 0.000000
vt 0.000000 0.000000
vn 1.000000 0.000000 0.000000
f 1062/3181/796 1058/3182/796 1059/3183/796 1063/3184/796
vt 0.000000 0.250000
vt 0.250000 0.250000
vt 0.250000 0.000000
vt 0.000000 0.000000
vn 0.000000 1.000000 0.000000
f 1064/3185/797 1063/3186/797 1059/3187/797 1060/3188/797
vt 0.000000 0.250000
vt 0.250000 0.250000
vt 0.250000 0.000000
vt 0.000000 0.000000
vn 0.000000 -1.000000 0.000000
f 1057/3189/798 1058/3190/798 1062/3191/798 1061/3192/798
# part: chain_right_link_2_f
v 0.781250 0.435000 0.443750
v 0.868750 0.435000 0.443750
v 0.868750 0.535000 0.443750
v 0.781250 0.535000 0.443750
v 0.781250 0.435000 0.481250
v 0.868750 0.435000 0.481250
v 0.868750 0.535000 0.481250
v 0.781250 0.535000 0.481250
vt 0.000000 0.250000
vt 0.250000 0.250000
vt 0.250000 0.000000
vt 0.000000 0.000000
vn 0.000000 0.000000 1.000000
usemtl skull_fiend_atlas
f 1069/3193/799 1070/3194/799 1071/3195/799 1072/3196/799
vt 0.000000 0.250000
vt 0.250000 0.250000
vt 0.250000 0.000000
vt 0.000000 0.000000
vn 0.000000 0.000000 -1.000000
f 1066/3197/800 1065/3198/800 1068/3199/800 1067/3200/800
vt 0.000000 0.250000
vt 0.250000 0.250000
vt 0.250000 0.000000
vt 0.000000 0.000000
vn -1.000000 0.000000 0.000000
f 1065/3201/801 1069/3202/801 1072/3203/801 1068/3204/801
vt 0.000000 0.250000
vt 0.250000 0.250000
vt 0.250000 0.000000
vt 0.000000 0.000000
vn 1.000000 0.000000 0.000000
f 1070/3205/802 1066/3206/802 1067/3207/802 1071/3208/802
vt 0.000000 0.250000
vt 0.250000 0.250000
vt 0.250000 0.000000
vt 0.000000 0.000000
vn 0.000000 1.000000 0.000000
f 1072/3209/803 1071/3210/803 1067/3211/803 1068/3212/803
vt 0.000000 0.250000
vt 0.250000 0.250000
vt 0.250000 0.000000
vt 0.000000 0.000000
vn 0.000000 -1.000000 0.000000
f 1065/3213/804 1066/3214/804 1070/3215/804 1069/3216/804
# part: chain_right_link_3_s
v 0.806250 0.353750 0.418750
v 0.843750 0.353750 0.418750
v 0.843750 0.453750 0.418750
v 0.806250 0.453750 0.418750
v 0.806250 0.353750 0.506250
v 0.843750 0.353750 0.506250
v 0.843750 0.453750 0.506250
v 0.806250 0.453750 0.506250
vt 0.000000 0.250000
vt 0.250000 0.250000
vt 0.250000 0.000000
vt 0.000000 0.000000
vn 0.000000 0.000000 1.000000
usemtl skull_fiend_atlas
f 1077/3217/805 1078/3218/805 1079/3219/805 1080/3220/805
vt 0.000000 0.250000
vt 0.250000 0.250000
vt 0.250000 0.000000
vt 0.000000 0.000000
vn 0.000000 0.000000 -1.000000
f 1074/3221/806 1073/3222/806 1076/3223/806 1075/3224/806
vt 0.000000 0.250000
vt 0.250000 0.250000
vt 0.250000 0.000000
vt 0.000000 0.000000
vn -1.000000 0.000000 0.000000
f 1073/3225/807 1077/3226/807 1080/3227/807 1076/3228/807
vt 0.000000 0.250000
vt 0.250000 0.250000
vt 0.250000 0.000000
vt 0.000000 0.000000
vn 1.000000 0.000000 0.000000
f 1078/3229/808 1074/3230/808 1075/3231/808 1079/3232/808
vt 0.000000 0.250000
vt 0.250000 0.250000
vt 0.250000 0.000000
vt 0.000000 0.000000
vn 0.000000 1.000000 0.000000
f 1080/3233/809 1079/3234/809 1075/3235/809 1076/3236/809
vt 0.000000 0.250000
vt 0.250000 0.250000
vt 0.250000 0.000000
vt 0.000000 0.000000
vn 0.000000 -1.000000 0.000000
f 1073/3237/810 1074/3238/810 1078/3239/810 1077/3240/810
# part: chain_right_link_4_f
v 0.781250 0.272500 0.443750
v 0.868750 0.272500 0.443750
v 0.868750 0.372500 0.443750
v 0.781250 0.372500 0.443750
v 0.781250 0.272500 0.481250
v 0.868750 0.272500 0.481250
v 0.868750 0.372500 0.481250
v 0.781250 0.372500 0.481250
vt 0.000000 0.250000
vt 0.250000 0.250000
vt 0.250000 0.000000
vt 0.000000 0.000000
vn 0.000000 0.000000 1.000000
usemtl skull_fiend_atlas
f 1085/3241/811 1086/3242/811 1087/3243/811 1088/3244/811
vt 0.000000 0.250000
vt 0.250000 0.250000
vt 0.250000 0.000000
vt 0.000000 0.000000
vn 0.000000 0.000000 -1.000000
f 1082/3245/812 1081/3246/812 1084/3247/812 1083/3248/812
vt 0.000000 0.250000
vt 0.250000 0.250000
vt 0.250000 0.000000
vt 0.000000 0.000000
vn -1.000000 0.000000 0.000000
f 1081/3249/813 1085/3250/813 1088/3251/813 1084/3252/813
vt 0.000000 0.250000
vt 0.250000 0.250000
vt 0.250000 0.000000
vt 0.000000 0.000000
vn 1.000000 0.000000 0.000000
f 1086/3253/814 1082/3254/814 1083/3255/814 1087/3256/814
vt 0.000000 0.250000
vt 0.250000 0.250000
vt 0.250000 0.000000
vt 0.000000 0.000000
vn 0.000000 1.000000 0.000000
f 1088/3257/815 1087/3258/815 1083/3259/815 1084/3260/815
vt 0.000000 0.250000
vt 0.250000 0.250000
vt 0.250000 0.000000
vt 0.000000 0.000000
vn 0.000000 -1.000000 0.000000
f 1081/3261/816 1082/3262/816 1086/3263/816 1085/3264/816
# part: chain_right_link_5_s
v 0.806250 0.191250 0.418750
v 0.843750 0.191250 0.418750
v 0.843750 0.291250 0.418750
v 0.806250 0.291250 0.418750
v 0.806250 0.191250 0.506250
v 0.843750 0.191250 0.506250
v 0.843750 0.291250 0.506250
v 0.806250 0.291250 0.506250
vt 0.000000 0.250000
vt 0.250000 0.250000
vt 0.250000 0.000000
vt 0.000000 0.000000
vn 0.000000 0.000000 1.000000
usemtl skull_fiend_atlas
f 1093/3265/817 1094/3266/817 1095/3267/817 1096/3268/817
vt 0.000000 0.250000
vt 0.250000 0.250000
vt 0.250000 0.000000
vt 0.000000 0.000000
vn 0.000000 0.000000 -1.000000
f 1090/3269/818 1089/3270/818 1092/3271/818 1091/3272/818
vt 0.000000 0.250000
vt 0.250000 0.250000
vt 0.250000 0.000000
vt 0.000000 0.000000
vn -1.000000 0.000000 0.000000
f 1089/3273/819 1093/3274/819 1096/3275/819 1092/3276/819
vt 0.000000 0.250000
vt 0.250000 0.250000
vt 0.250000 0.000000
vt 0.000000 0.000000
vn 1.000000 0.000000 0.000000
f 1094/3277/820 1090/3278/820 1091/3279/820 1095/3280/820
vt 0.000000 0.250000
vt 0.250000 0.250000
vt 0.250000 0.000000
vt 0.000000 0.000000
vn 0.000000 1.000000 0.000000
f 1096/3281/821 1095/3282/821 1091/3283/821 1092/3284/821
vt 0.000000 0.250000
vt 0.250000 0.250000
vt 0.250000 0.000000
vt 0.000000 0.000000
vn 0.000000 -1.000000 0.000000
f 1089/3285/822 1090/3286/822 1094/3287/822 1093/3288/822
# part: chain_right_link_6_f
v 0.781250 0.110000 0.443750
v 0.868750 0.110000 0.443750
v 0.868750 0.210000 0.443750
v 0.781250 0.210000 0.443750
v 0.781250 0.110000 0.481250
v 0.868750 0.110000 0.481250
v 0.868750 0.210000 0.481250
v 0.781250 0.210000 0.481250
vt 0.000000 0.250000
vt 0.250000 0.250000
vt 0.250000 0.000000
vt 0.000000 0.000000
vn 0.000000 0.000000 1.000000
usemtl skull_fiend_atlas
f 1101/3289/823 1102/3290/823 1103/3291/823 1104/3292/823
vt 0.000000 0.250000
vt 0.250000 0.250000
vt 0.250000 0.000000
vt 0.000000 0.000000
vn 0.000000 0.000000 -1.000000
f 1098/3293/824 1097/3294/824 1100/3295/824 1099/3296/824
vt 0.000000 0.250000
vt 0.250000 0.250000
vt 0.250000 0.000000
vt 0.000000 0.000000
vn -1.000000 0.000000 0.000000
f 1097/3297/825 1101/3298/825 1104/3299/825 1100/3300/825
vt 0.000000 0.250000
vt 0.250000 0.250000
vt 0.250000 0.000000
vt 0.000000 0.000000
vn 1.000000 0.000000 0.000000
f 1102/3301/826 1098/3302/826 1099/3303/826 1103/3304/826
vt 0.000000 0.250000
vt 0.250000 0.250000
vt 0.250000 0.000000
vt 0.000000 0.000000
vn 0.000000 1.000000 0.000000
f 1104/3305/827 1103/3306/827 1099/3307/827 1100/3308/827
vt 0.000000 0.250000
vt 0.250000 0.250000
vt 0.250000 0.000000
vt 0.000000 0.000000
vn 0.000000 -1.000000 0.000000
f 1097/3309/828 1098/3310/828 1102/3311/828 1101/3312/828
# part: chain_right_link_7_s
v 0.806250 0.028750 0.418750
v 0.843750 0.028750 0.418750
v 0.843750 0.128750 0.418750
v 0.806250 0.128750 0.418750
v 0.806250 0.028750 0.506250
v 0.843750 0.028750 0.506250
v 0.843750 0.128750 0.506250
v 0.806250 0.128750 0.506250
vt 0.000000 0.250000
vt 0.250000 0.250000
vt 0.250000 0.000000
vt 0.000000 0.000000
vn 0.000000 0.000000 1.000000
usemtl skull_fiend_atlas
f 1109/3313/829 1110/3314/829 1111/3315/829 1112/3316/829
vt 0.000000 0.250000
vt 0.250000 0.250000
vt 0.250000 0.000000
vt 0.000000 0.000000
vn 0.000000 0.000000 -1.000000
f 1106/3317/830 1105/3318/830 1108/3319/830 1107/3320/830
vt 0.000000 0.250000
vt 0.250000 0.250000
vt 0.250000 0.000000
vt 0.000000 0.000000
vn -1.000000 0.000000 0.000000
f 1105/3321/831 1109/3322/831 1112/3323/831 1108/3324/831
vt 0.000000 0.250000
vt 0.250000 0.250000
vt 0.250000 0.000000
vt 0.000000 0.000000
vn 1.000000 0.000000 0.000000
f 1110/3325/832 1106/3326/832 1107/3327/832 1111/3328/832
vt 0.000000 0.250000
vt 0.250000 0.250000
vt 0.250000 0.000000
vt 0.000000 0.000000
vn 0.000000 1.000000 0.000000
f 1112/3329/833 1111/3330/833 1107/3331/833 1108/3332/833
vt 0.000000 0.250000
vt 0.250000 0.250000
vt 0.250000 0.000000
vt 0.000000 0.000000
vn 0.000000 -1.000000 0.000000
f 1105/3333/834 1106/3334/834 1110/3335/834 1109/3336/834
# part: chain_right_link_8_f
v 0.781250 -0.052500 0.443750
v 0.868750 -0.052500 0.443750
v 0.868750 0.047500 0.443750
v 0.781250 0.047500 0.443750
v 0.781250 -0.052500 0.481250
v 0.868750 -0.052500 0.481250
v 0.868750 0.047500 0.481250
v 0.781250 0.047500 0.481250
vt 0.000000 0.250000
vt 0.250000 0.250000
vt 0.250000 0.000000
vt 0.000000 0.000000
vn 0.000000 0.000000 1.000000
usemtl skull_fiend_atlas
f 1117/3337/835 1118/3338/835 1119/3339/835 1120/3340/835
vt 0.000000 0.250000
vt 0.250000 0.250000
vt 0.250000 0.000000
vt 0.000000 0.000000
vn 0.000000 0.000000 -1.000000
f 1114/3341/836 1113/3342/836 1116/3343/836 1115/3344/836
vt 0.000000 0.250000
vt 0.250000 0.250000
vt 0.250000 0.000000
vt 0.000000 0.000000
vn -1.000000 0.000000 0.000000
f 1113/3345/837 1117/3346/837 1120/3347/837 1116/3348/837
vt 0.000000 0.250000
vt 0.250000 0.250000
vt 0.250000 0.000000
vt 0.000000 0.000000
vn 1.000000 0.000000 0.000000
f 1118/3349/838 1114/3350/838 1115/3351/838 1119/3352/838
vt 0.000000 0.250000
vt 0.250000 0.250000
vt 0.250000 0.000000
vt 0.000000 0.000000
vn 0.000000 1.000000 0.000000
f 1120/3353/839 1119/3354/839 1115/3355/839 1116/3356/839
vt 0.000000 0.250000
vt 0.250000 0.250000
vt 0.250000 0.000000
vt 0.000000 0.000000
vn 0.000000 -1.000000 0.000000
f 1113/3357/840 1114/3358/840 1118/3359/840 1117/3360/840
# part: chain_right_link_9_s
v 0.806250 -0.133750 0.418750
v 0.843750 -0.133750 0.418750
v 0.843750 -0.033750 0.418750
v 0.806250 -0.033750 0.418750
v 0.806250 -0.133750 0.506250
v 0.843750 -0.133750 0.506250
v 0.843750 -0.033750 0.506250
v 0.806250 -0.033750 0.506250
vt 0.000000 0.250000
vt 0.250000 0.250000
vt 0.250000 0.000000
vt 0.000000 0.000000
vn 0.000000 0.000000 1.000000
usemtl skull_fiend_atlas
f 1125/3361/841 1126/3362/841 1127/3363/841 1128/3364/841
vt 0.000000 0.250000
vt 0.250000 0.250000
vt 0.250000 0.000000
vt 0.000000 0.000000
vn 0.000000 0.000000 -1.000000
f 1122/3365/842 1121/3366/842 1124/3367/842 1123/3368/842
vt 0.000000 0.250000
vt 0.250000 0.250000
vt 0.250000 0.000000
vt 0.000000 0.000000
vn -1.000000 0.000000 0.000000
f 1121/3369/843 1125/3370/843 1128/3371/843 1124/3372/843
vt 0.000000 0.250000
vt 0.250000 0.250000
vt 0.250000 0.000000
vt 0.000000 0.000000
vn 1.000000 0.000000 0.000000
f 1126/3373/844 1122/3374/844 1123/3375/844 1127/3376/844
vt 0.000000 0.250000
vt 0.250000 0.250000
vt 0.250000 0.000000
vt 0.000000 0.000000
vn 0.000000 1.000000 0.000000
f 1128/3377/845 1127/3378/845 1123/3379/845 1124/3380/845
vt 0.000000 0.250000
vt 0.250000 0.250000
vt 0.250000 0.000000
vt 0.000000 0.000000
vn 0.000000 -1.000000 0.000000
f 1121/3381/846 1122/3382/846 1126/3383/846 1125/3384/846
# part: chain_right_link_10_f
v 0.781250 -0.215000 0.443750
v 0.868750 -0.215000 0.443750
v 0.868750 -0.115000 0.443750
v 0.781250 -0.115000 0.443750
v 0.781250 -0.215000 0.481250
v 0.868750 -0.215000 0.481250
v 0.868750 -0.115000 0.481250
v 0.781250 -0.115000 0.481250
vt 0.000000 0.250000
vt 0.250000 0.250000
vt 0.250000 0.000000
vt 0.000000 0.000000
vn 0.000000 0.000000 1.000000
usemtl skull_fiend_atlas
f 1133/3385/847 1134/3386/847 1135/3387/847 1136/3388/847
vt 0.000000 0.250000
vt 0.250000 0.250000
vt 0.250000 0.000000
vt 0.000000 0.000000
vn 0.000000 0.000000 -1.000000
f 1130/3389/848 1129/3390/848 1132/3391/848 1131/3392/848
vt 0.000000 0.250000
vt 0.250000 0.250000
vt 0.250000 0.000000
vt 0.000000 0.000000
vn -1.000000 0.000000 0.000000
f 1129/3393/849 1133/3394/849 1136/3395/849 1132/3396/849
vt 0.000000 0.250000
vt 0.250000 0.250000
vt 0.250000 0.000000
vt 0.000000 0.000000
vn 1.000000 0.000000 0.000000
f 1134/3397/850 1130/3398/850 1131/3399/850 1135/3400/850
vt 0.000000 0.250000
vt 0.250000 0.250000
vt 0.250000 0.000000
vt 0.000000 0.000000
vn 0.000000 1.000000 0.000000
f 1136/3401/851 1135/3402/851 1131/3403/851 1132/3404/851
vt 0.000000 0.250000
vt 0.250000 0.250000
vt 0.250000 0.000000
vt 0.000000 0.000000
vn 0.000000 -1.000000 0.000000
f 1129/3405/852 1130/3406/852 1134/3407/852 1133/3408/852
# part: chain_weight_body_right
v 0.756250 -0.371250 0.393750
v 0.893750 -0.371250 0.393750
v 0.893750 -0.198750 0.393750
v 0.756250 -0.198750 0.393750
v 0.756250 -0.371250 0.531250
v 0.893750 -0.371250 0.531250
v 0.893750 -0.198750 0.531250
v 0.756250 -0.198750 0.531250
vt 0.000000 0.250000
vt 0.250000 0.250000
vt 0.250000 0.000000
vt 0.000000 0.000000
vn 0.000000 0.000000 1.000000
usemtl skull_fiend_atlas
f 1141/3409/853 1142/3410/853 1143/3411/853 1144/3412/853
vt 0.000000 0.250000
vt 0.250000 0.250000
vt 0.250000 0.000000
vt 0.000000 0.000000
vn 0.000000 0.000000 -1.000000
f 1138/3413/854 1137/3414/854 1140/3415/854 1139/3416/854
vt 0.000000 0.250000
vt 0.250000 0.250000
vt 0.250000 0.000000
vt 0.000000 0.000000
vn -1.000000 0.000000 0.000000
f 1137/3417/855 1141/3418/855 1144/3419/855 1140/3420/855
vt 0.000000 0.250000
vt 0.250000 0.250000
vt 0.250000 0.000000
vt 0.000000 0.000000
vn 1.000000 0.000000 0.000000
f 1142/3421/856 1138/3422/856 1139/3423/856 1143/3424/856
vt 0.000000 0.250000
vt 0.250000 0.250000
vt 0.250000 0.000000
vt 0.000000 0.000000
vn 0.000000 1.000000 0.000000
f 1144/3425/857 1143/3426/857 1139/3427/857 1140/3428/857
vt 0.000000 0.250000
vt 0.250000 0.250000
vt 0.250000 0.000000
vt 0.000000 0.000000
vn 0.000000 -1.000000 0.000000
f 1137/3429/858 1138/3430/858 1142/3431/858 1141/3432/858
# part: chain_weight_rivet_band_right
v 0.751250 -0.321250 0.388750
v 0.898750 -0.321250 0.388750
v 0.898750 -0.271250 0.388750
v 0.751250 -0.271250 0.388750
v 0.751250 -0.321250 0.536250
v 0.898750 -0.321250 0.536250
v 0.898750 -0.271250 0.536250
v 0.751250 -0.271250 0.536250
vt 0.500000 0.250000
vt 0.750000 0.250000
vt 0.750000 0.000000
vt 0.500000 0.000000
vn 0.000000 0.000000 1.000000
usemtl skull_fiend_atlas
f 1149/3433/859 1150/3434/859 1151/3435/859 1152/3436/859
vt 0.500000 0.250000
vt 0.750000 0.250000
vt 0.750000 0.000000
vt 0.500000 0.000000
vn 0.000000 0.000000 -1.000000
f 1146/3437/860 1145/3438/860 1148/3439/860 1147/3440/860
vt 0.500000 0.250000
vt 0.750000 0.250000
vt 0.750000 0.000000
vt 0.500000 0.000000
vn -1.000000 0.000000 0.000000
f 1145/3441/861 1149/3442/861 1152/3443/861 1148/3444/861
vt 0.500000 0.250000
vt 0.750000 0.250000
vt 0.750000 0.000000
vt 0.500000 0.000000
vn 1.000000 0.000000 0.000000
f 1150/3445/862 1146/3446/862 1147/3447/862 1151/3448/862
vt 0.500000 0.250000
vt 0.750000 0.250000
vt 0.750000 0.000000
vt 0.500000 0.000000
vn 0.000000 1.000000 0.000000
f 1152/3449/863 1151/3450/863 1147/3451/863 1148/3452/863
vt 0.500000 0.250000
vt 0.750000 0.250000
vt 0.750000 0.000000
vt 0.500000 0.000000
vn 0.000000 -1.000000 0.000000
f 1145/3453/864 1146/3454/864 1150/3455/864 1149/3456/864
# part: chain_rear_link_0_f
v 0.456250 0.597500 0.193750
v 0.543750 0.597500 0.193750
v 0.543750 0.697500 0.193750
v 0.456250 0.697500 0.193750
v 0.456250 0.597500 0.231250
v 0.543750 0.597500 0.231250
v 0.543750 0.697500 0.231250
v 0.456250 0.697500 0.231250
vt 0.000000 0.250000
vt 0.250000 0.250000
vt 0.250000 0.000000
vt 0.000000 0.000000
vn 0.000000 0.000000 1.000000
usemtl skull_fiend_atlas
f 1157/3457/865 1158/3458/865 1159/3459/865 1160/3460/865
vt 0.000000 0.250000
vt 0.250000 0.250000
vt 0.250000 0.000000
vt 0.000000 0.000000
vn 0.000000 0.000000 -1.000000
f 1154/3461/866 1153/3462/866 1156/3463/866 1155/3464/866
vt 0.000000 0.250000
vt 0.250000 0.250000
vt 0.250000 0.000000
vt 0.000000 0.000000
vn -1.000000 0.000000 0.000000
f 1153/3465/867 1157/3466/867 1160/3467/867 1156/3468/867
vt 0.000000 0.250000
vt 0.250000 0.250000
vt 0.250000 0.000000
vt 0.000000 0.000000
vn 1.000000 0.000000 0.000000
f 1158/3469/868 1154/3470/868 1155/3471/868 1159/3472/868
vt 0.000000 0.250000
vt 0.250000 0.250000
vt 0.250000 0.000000
vt 0.000000 0.000000
vn 0.000000 1.000000 0.000000
f 1160/3473/869 1159/3474/869 1155/3475/869 1156/3476/869
vt 0.000000 0.250000
vt 0.250000 0.250000
vt 0.250000 0.000000
vt 0.000000 0.000000
vn 0.000000 -1.000000 0.000000
f 1153/3477/870 1154/3478/870 1158/3479/870 1157/3480/870
# part: chain_rear_link_1_s
v 0.481250 0.516250 0.168750
v 0.518750 0.516250 0.168750
v 0.518750 0.616250 0.168750
v 0.481250 0.616250 0.168750
v 0.481250 0.516250 0.256250
v 0.518750 0.516250 0.256250
v 0.518750 0.616250 0.256250
v 0.481250 0.616250 0.256250
vt 0.000000 0.250000
vt 0.250000 0.250000
vt 0.250000 0.000000
vt 0.000000 0.000000
vn 0.000000 0.000000 1.000000
usemtl skull_fiend_atlas
f 1165/3481/871 1166/3482/871 1167/3483/871 1168/3484/871
vt 0.000000 0.250000
vt 0.250000 0.250000
vt 0.250000 0.000000
vt 0.000000 0.000000
vn 0.000000 0.000000 -1.000000
f 1162/3485/872 1161/3486/872 1164/3487/872 1163/3488/872
vt 0.000000 0.250000
vt 0.250000 0.250000
vt 0.250000 0.000000
vt 0.000000 0.000000
vn -1.000000 0.000000 0.000000
f 1161/3489/873 1165/3490/873 1168/3491/873 1164/3492/873
vt 0.000000 0.250000
vt 0.250000 0.250000
vt 0.250000 0.000000
vt 0.000000 0.000000
vn 1.000000 0.000000 0.000000
f 1166/3493/874 1162/3494/874 1163/3495/874 1167/3496/874
vt 0.000000 0.250000
vt 0.250000 0.250000
vt 0.250000 0.000000
vt 0.000000 0.000000
vn 0.000000 1.000000 0.000000
f 1168/3497/875 1167/3498/875 1163/3499/875 1164/3500/875
vt 0.000000 0.250000
vt 0.250000 0.250000
vt 0.250000 0.000000
vt 0.000000 0.000000
vn 0.000000 -1.000000 0.000000
f 1161/3501/876 1162/3502/876 1166/3503/876 1165/3504/876
# part: chain_rear_link_2_f
v 0.456250 0.435000 0.193750
v 0.543750 0.435000 0.193750
v 0.543750 0.535000 0.193750
v 0.456250 0.535000 0.193750
v 0.456250 0.435000 0.231250
v 0.543750 0.435000 0.231250
v 0.543750 0.535000 0.231250
v 0.456250 0.535000 0.231250
vt 0.000000 0.250000
vt 0.250000 0.250000
vt 0.250000 0.000000
vt 0.000000 0.000000
vn 0.000000 0.000000 1.000000
usemtl skull_fiend_atlas
f 1173/3505/877 1174/3506/877 1175/3507/877 1176/3508/877
vt 0.000000 0.250000
vt 0.250000 0.250000
vt 0.250000 0.000000
vt 0.000000 0.000000
vn 0.000000 0.000000 -1.000000
f 1170/3509/878 1169/3510/878 1172/3511/878 1171/3512/878
vt 0.000000 0.250000
vt 0.250000 0.250000
vt 0.250000 0.000000
vt 0.000000 0.000000
vn -1.000000 0.000000 0.000000
f 1169/3513/879 1173/3514/879 1176/3515/879 1172/3516/879
vt 0.000000 0.250000
vt 0.250000 0.250000
vt 0.250000 0.000000
vt 0.000000 0.000000
vn 1.000000 0.000000 0.000000
f 1174/3517/880 1170/3518/880 1171/3519/880 1175/3520/880
vt 0.000000 0.250000
vt 0.250000 0.250000
vt 0.250000 0.000000
vt 0.000000 0.000000
vn 0.000000 1.000000 0.000000
f 1176/3521/881 1175/3522/881 1171/3523/881 1172/3524/881
vt 0.000000 0.250000
vt 0.250000 0.250000
vt 0.250000 0.000000
vt 0.000000 0.000000
vn 0.000000 -1.000000 0.000000
f 1169/3525/882 1170/3526/882 1174/3527/882 1173/3528/882
# part: chain_rear_link_3_s
v 0.481250 0.353750 0.168750
v 0.518750 0.353750 0.168750
v 0.518750 0.453750 0.168750
v 0.481250 0.453750 0.168750
v 0.481250 0.353750 0.256250
v 0.518750 0.353750 0.256250
v 0.518750 0.453750 0.256250
v 0.481250 0.453750 0.256250
vt 0.000000 0.250000
vt 0.250000 0.250000
vt 0.250000 0.000000
vt 0.000000 0.000000
vn 0.000000 0.000000 1.000000
usemtl skull_fiend_atlas
f 1181/3529/883 1182/3530/883 1183/3531/883 1184/3532/883
vt 0.000000 0.250000
vt 0.250000 0.250000
vt 0.250000 0.000000
vt 0.000000 0.000000
vn 0.000000 0.000000 -1.000000
f 1178/3533/884 1177/3534/884 1180/3535/884 1179/3536/884
vt 0.000000 0.250000
vt 0.250000 0.250000
vt 0.250000 0.000000
vt 0.000000 0.000000
vn -1.000000 0.000000 0.000000
f 1177/3537/885 1181/3538/885 1184/3539/885 1180/3540/885
vt 0.000000 0.250000
vt 0.250000 0.250000
vt 0.250000 0.000000
vt 0.000000 0.000000
vn 1.000000 0.000000 0.000000
f 1182/3541/886 1178/3542/886 1179/3543/886 1183/3544/886
vt 0.000000 0.250000
vt 0.250000 0.250000
vt 0.250000 0.000000
vt 0.000000 0.000000
vn 0.000000 1.000000 0.000000
f 1184/3545/887 1183/3546/887 1179/3547/887 1180/3548/887
vt 0.000000 0.250000
vt 0.250000 0.250000
vt 0.250000 0.000000
vt 0.000000 0.000000
vn 0.000000 -1.000000 0.000000
f 1177/3549/888 1178/3550/888 1182/3551/888 1181/3552/888
# part: chain_rear_link_4_f
v 0.456250 0.272500 0.193750
v 0.543750 0.272500 0.193750
v 0.543750 0.372500 0.193750
v 0.456250 0.372500 0.193750
v 0.456250 0.272500 0.231250
v 0.543750 0.272500 0.231250
v 0.543750 0.372500 0.231250
v 0.456250 0.372500 0.231250
vt 0.000000 0.250000
vt 0.250000 0.250000
vt 0.250000 0.000000
vt 0.000000 0.000000
vn 0.000000 0.000000 1.000000
usemtl skull_fiend_atlas
f 1189/3553/889 1190/3554/889 1191/3555/889 1192/3556/889
vt 0.000000 0.250000
vt 0.250000 0.250000
vt 0.250000 0.000000
vt 0.000000 0.000000
vn 0.000000 0.000000 -1.000000
f 1186/3557/890 1185/3558/890 1188/3559/890 1187/3560/890
vt 0.000000 0.250000
vt 0.250000 0.250000
vt 0.250000 0.000000
vt 0.000000 0.000000
vn -1.000000 0.000000 0.000000
f 1185/3561/891 1189/3562/891 1192/3563/891 1188/3564/891
vt 0.000000 0.250000
vt 0.250000 0.250000
vt 0.250000 0.000000
vt 0.000000 0.000000
vn 1.000000 0.000000 0.000000
f 1190/3565/892 1186/3566/892 1187/3567/892 1191/3568/892
vt 0.000000 0.250000
vt 0.250000 0.250000
vt 0.250000 0.000000
vt 0.000000 0.000000
vn 0.000000 1.000000 0.000000
f 1192/3569/893 1191/3570/893 1187/3571/893 1188/3572/893
vt 0.000000 0.250000
vt 0.250000 0.250000
vt 0.250000 0.000000
vt 0.000000 0.000000
vn 0.000000 -1.000000 0.000000
f 1185/3573/894 1186/3574/894 1190/3575/894 1189/3576/894
# part: chain_rear_link_5_s
v 0.481250 0.191250 0.168750
v 0.518750 0.191250 0.168750
v 0.518750 0.291250 0.168750
v 0.481250 0.291250 0.168750
v 0.481250 0.191250 0.256250
v 0.518750 0.191250 0.256250
v 0.518750 0.291250 0.256250
v 0.481250 0.291250 0.256250
vt 0.000000 0.250000
vt 0.250000 0.250000
vt 0.250000 0.000000
vt 0.000000 0.000000
vn 0.000000 0.000000 1.000000
usemtl skull_fiend_atlas
f 1197/3577/895 1198/3578/895 1199/3579/895 1200/3580/895
vt 0.000000 0.250000
vt 0.250000 0.250000
vt 0.250000 0.000000
vt 0.000000 0.000000
vn 0.000000 0.000000 -1.000000
f 1194/3581/896 1193/3582/896 1196/3583/896 1195/3584/896
vt 0.000000 0.250000
vt 0.250000 0.250000
vt 0.250000 0.000000
vt 0.000000 0.000000
vn -1.000000 0.000000 0.000000
f 1193/3585/897 1197/3586/897 1200/3587/897 1196/3588/897
vt 0.000000 0.250000
vt 0.250000 0.250000
vt 0.250000 0.000000
vt 0.000000 0.000000
vn 1.000000 0.000000 0.000000
f 1198/3589/898 1194/3590/898 1195/3591/898 1199/3592/898
vt 0.000000 0.250000
vt 0.250000 0.250000
vt 0.250000 0.000000
vt 0.000000 0.000000
vn 0.000000 1.000000 0.000000
f 1200/3593/899 1199/3594/899 1195/3595/899 1196/3596/899
vt 0.000000 0.250000
vt 0.250000 0.250000
vt 0.250000 0.000000
vt 0.000000 0.000000
vn 0.000000 -1.000000 0.000000
f 1193/3597/900 1194/3598/900 1198/3599/900 1197/3600/900
# part: chain_rear_link_6_f
v 0.456250 0.110000 0.193750
v 0.543750 0.110000 0.193750
v 0.543750 0.210000 0.193750
v 0.456250 0.210000 0.193750
v 0.456250 0.110000 0.231250
v 0.543750 0.110000 0.231250
v 0.543750 0.210000 0.231250
v 0.456250 0.210000 0.231250
vt 0.000000 0.250000
vt 0.250000 0.250000
vt 0.250000 0.000000
vt 0.000000 0.000000
vn 0.000000 0.000000 1.000000
usemtl skull_fiend_atlas
f 1205/3601/901 1206/3602/901 1207/3603/901 1208/3604/901
vt 0.000000 0.250000
vt 0.250000 0.250000
vt 0.250000 0.000000
vt 0.000000 0.000000
vn 0.000000 0.000000 -1.000000
f 1202/3605/902 1201/3606/902 1204/3607/902 1203/3608/902
vt 0.000000 0.250000
vt 0.250000 0.250000
vt 0.250000 0.000000
vt 0.000000 0.000000
vn -1.000000 0.000000 0.000000
f 1201/3609/903 1205/3610/903 1208/3611/903 1204/3612/903
vt 0.000000 0.250000
vt 0.250000 0.250000
vt 0.250000 0.000000
vt 0.000000 0.000000
vn 1.000000 0.000000 0.000000
f 1206/3613/904 1202/3614/904 1203/3615/904 1207/3616/904
vt 0.000000 0.250000
vt 0.250000 0.250000
vt 0.250000 0.000000
vt 0.000000 0.000000
vn 0.000000 1.000000 0.000000
f 1208/3617/905 1207/3618/905 1203/3619/905 1204/3620/905
vt 0.000000 0.250000
vt 0.250000 0.250000
vt 0.250000 0.000000
vt 0.000000 0.000000
vn 0.000000 -1.000000 0.000000
f 1201/3621/906 1202/3622/906 1206/3623/906 1205/3624/906
# part: chain_rear_link_7_s
v 0.481250 0.028750 0.168750
v 0.518750 0.028750 0.168750
v 0.518750 0.128750 0.168750
v 0.481250 0.128750 0.168750
v 0.481250 0.028750 0.256250
v 0.518750 0.028750 0.256250
v 0.518750 0.128750 0.256250
v 0.481250 0.128750 0.256250
vt 0.000000 0.250000
vt 0.250000 0.250000
vt 0.250000 0.000000
vt 0.000000 0.000000
vn 0.000000 0.000000 1.000000
usemtl skull_fiend_atlas
f 1213/3625/907 1214/3626/907 1215/3627/907 1216/3628/907
vt 0.000000 0.250000
vt 0.250000 0.250000
vt 0.250000 0.000000
vt 0.000000 0.000000
vn 0.000000 0.000000 -1.000000
f 1210/3629/908 1209/3630/908 1212/3631/908 1211/3632/908
vt 0.000000 0.250000
vt 0.250000 0.250000
vt 0.250000 0.000000
vt 0.000000 0.000000
vn -1.000000 0.000000 0.000000
f 1209/3633/909 1213/3634/909 1216/3635/909 1212/3636/909
vt 0.000000 0.250000
vt 0.250000 0.250000
vt 0.250000 0.000000
vt 0.000000 0.000000
vn 1.000000 0.000000 0.000000
f 1214/3637/910 1210/3638/910 1211/3639/910 1215/3640/910
vt 0.000000 0.250000
vt 0.250000 0.250000
vt 0.250000 0.000000
vt 0.000000 0.000000
vn 0.000000 1.000000 0.000000
f 1216/3641/911 1215/3642/911 1211/3643/911 1212/3644/911
vt 0.000000 0.250000
vt 0.250000 0.250000
vt 0.250000 0.000000
vt 0.000000 0.000000
vn 0.000000 -1.000000 0.000000
f 1209/3645/912 1210/3646/912 1214/3647/912 1213/3648/912
# part: chain_rear_link_8_f
v 0.456250 -0.052500 0.193750
v 0.543750 -0.052500 0.193750
v 0.543750 0.047500 0.193750
v 0.456250 0.047500 0.193750
v 0.456250 -0.052500 0.231250
v 0.543750 -0.052500 0.231250
v 0.543750 0.047500 0.231250
v 0.456250 0.047500 0.231250
vt 0.000000 0.250000
vt 0.250000 0.250000
vt 0.250000 0.000000
vt 0.000000 0.000000
vn 0.000000 0.000000 1.000000
usemtl skull_fiend_atlas
f 1221/3649/913 1222/3650/913 1223/3651/913 1224/3652/913
vt 0.000000 0.250000
vt 0.250000 0.250000
vt 0.250000 0.000000
vt 0.000000 0.000000
vn 0.000000 0.000000 -1.000000
f 1218/3653/914 1217/3654/914 1220/3655/914 1219/3656/914
vt 0.000000 0.250000
vt 0.250000 0.250000
vt 0.250000 0.000000
vt 0.000000 0.000000
vn -1.000000 0.000000 0.000000
f 1217/3657/915 1221/3658/915 1224/3659/915 1220/3660/915
vt 0.000000 0.250000
vt 0.250000 0.250000
vt 0.250000 0.000000
vt 0.000000 0.000000
vn 1.000000 0.000000 0.000000
f 1222/3661/916 1218/3662/916 1219/3663/916 1223/3664/916
vt 0.000000 0.250000
vt 0.250000 0.250000
vt 0.250000 0.000000
vt 0.000000 0.000000
vn 0.000000 1.000000 0.000000
f 1224/3665/917 1223/3666/917 1219/3667/917 1220/3668/917
vt 0.000000 0.250000
vt 0.250000 0.250000
vt 0.250000 0.000000
vt 0.000000 0.000000
vn 0.000000 -1.000000 0.000000
f 1217/3669/918 1218/3670/918 1222/3671/918 1221/3672/918
# part: chain_rear_link_9_s
v 0.481250 -0.133750 0.168750
v 0.518750 -0.133750 0.168750
v 0.518750 -0.033750 0.168750
v 0.481250 -0.033750 0.168750
v 0.481250 -0.133750 0.256250
v 0.518750 -0.133750 0.256250
v 0.518750 -0.033750 0.256250
v 0.481250 -0.033750 0.256250
vt 0.000000 0.250000
vt 0.250000 0.250000
vt 0.250000 0.000000
vt 0.000000 0.000000
vn 0.000000 0.000000 1.000000
usemtl skull_fiend_atlas
f 1229/3673/919 1230/3674/919 1231/3675/919 1232/3676/919
vt 0.000000 0.250000
vt 0.250000 0.250000
vt 0.250000 0.000000
vt 0.000000 0.000000
vn 0.000000 0.000000 -1.000000
f 1226/3677/920 1225/3678/920 1228/3679/920 1227/3680/920
vt 0.000000 0.250000
vt 0.250000 0.250000
vt 0.250000 0.000000
vt 0.000000 0.000000
vn -1.000000 0.000000 0.000000
f 1225/3681/921 1229/3682/921 1232/3683/921 1228/3684/921
vt 0.000000 0.250000
vt 0.250000 0.250000
vt 0.250000 0.000000
vt 0.000000 0.000000
vn 1.000000 0.000000 0.000000
f 1230/3685/922 1226/3686/922 1227/3687/922 1231/3688/922
vt 0.000000 0.250000
vt 0.250000 0.250000
vt 0.250000 0.000000
vt 0.000000 0.000000
vn 0.000000 1.000000 0.000000
f 1232/3689/923 1231/3690/923 1227/3691/923 1228/3692/923
vt 0.000000 0.250000
vt 0.250000 0.250000
vt 0.250000 0.000000
vt 0.000000 0.000000
vn 0.000000 -1.000000 0.000000
f 1225/3693/924 1226/3694/924 1230/3695/924 1229/3696/924
# part: chain_rear_link_10_f
v 0.456250 -0.215000 0.193750
v 0.543750 -0.215000 0.193750
v 0.543750 -0.115000 0.193750
v 0.456250 -0.115000 0.193750
v 0.456250 -0.215000 0.231250
v 0.543750 -0.215000 0.231250
v 0.543750 -0.115000 0.231250
v 0.456250 -0.115000 0.231250
vt 0.000000 0.250000
vt 0.250000 0.250000
vt 0.250000 0.000000
vt 0.000000 0.000000
vn 0.000000 0.000000 1.000000
usemtl skull_fiend_atlas
f 1237/3697/925 1238/3698/925 1239/3699/925 1240/3700/925
vt 0.000000 0.250000
vt 0.250000 0.250000
vt 0.250000 0.000000
vt 0.000000 0.000000
vn 0.000000 0.000000 -1.000000
f 1234/3701/926 1233/3702/926 1236/3703/926 1235/3704/926
vt 0.000000 0.250000
vt 0.250000 0.250000
vt 0.250000 0.000000
vt 0.000000 0.000000
vn -1.000000 0.000000 0.000000
f 1233/3705/927 1237/3706/927 1240/3707/927 1236/3708/927
vt 0.000000 0.250000
vt 0.250000 0.250000
vt 0.250000 0.000000
vt 0.000000 0.000000
vn 1.000000 0.000000 0.000000
f 1238/3709/928 1234/3710/928 1235/3711/928 1239/3712/928
vt 0.000000 0.250000
vt 0.250000 0.250000
vt 0.250000 0.000000
vt 0.000000 0.000000
vn 0.000000 1.000000 0.000000
f 1240/3713/929 1239/3714/929 1235/3715/929 1236/3716/929
vt 0.000000 0.250000
vt 0.250000 0.250000
vt 0.250000 0.000000
vt 0.000000 0.000000
vn 0.000000 -1.000000 0.000000
f 1233/3717/930 1234/3718/930 1238/3719/930 1237/3720/930
# part: chain_rear_link_11_s
v 0.481250 -0.296250 0.168750
v 0.518750 -0.296250 0.168750
v 0.518750 -0.196250 0.168750
v 0.481250 -0.196250 0.168750
v 0.481250 -0.296250 0.256250
v 0.518750 -0.296250 0.256250
v 0.518750 -0.196250 0.256250
v 0.481250 -0.196250 0.256250
vt 0.000000 0.250000
vt 0.250000 0.250000
vt 0.250000 0.000000
vt 0.000000 0.000000
vn 0.000000 0.000000 1.000000
usemtl skull_fiend_atlas
f 1245/3721/931 1246/3722/931 1247/3723/931 1248/3724/931
vt 0.000000 0.250000
vt 0.250000 0.250000
vt 0.250000 0.000000
vt 0.000000 0.000000
vn 0.000000 0.000000 -1.000000
f 1242/3725/932 1241/3726/932 1244/3727/932 1243/3728/932
vt 0.000000 0.250000
vt 0.250000 0.250000
vt 0.250000 0.000000
vt 0.000000 0.000000
vn -1.000000 0.000000 0.000000
f 1241/3729/933 1245/3730/933 1248/3731/933 1244/3732/933
vt 0.000000 0.250000
vt 0.250000 0.250000
vt 0.250000 0.000000
vt 0.000000 0.000000
vn 1.000000 0.000000 0.000000
f 1246/3733/934 1242/3734/934 1243/3735/934 1247/3736/934
vt 0.000000 0.250000
vt 0.250000 0.250000
vt 0.250000 0.000000
vt 0.000000 0.000000
vn 0.000000 1.000000 0.000000
f 1248/3737/935 1247/3738/935 1243/3739/935 1244/3740/935
vt 0.000000 0.250000
vt 0.250000 0.250000
vt 0.250000 0.000000
vt 0.000000 0.000000
vn 0.000000 -1.000000 0.000000
f 1241/3741/936 1242/3742/936 1246/3743/936 1245/3744/936
# part: chain_weight_body_rear
v 0.431250 -0.452500 0.143750
v 0.568750 -0.452500 0.143750
v 0.568750 -0.280000 0.143750
v 0.431250 -0.280000 0.143750
v 0.431250 -0.452500 0.281250
v 0.568750 -0.452500 0.281250
v 0.568750 -0.280000 0.281250
v 0.431250 -0.280000 0.281250
vt 0.000000 0.250000
vt 0.250000 0.250000
vt 0.250000 0.000000
vt 0.000000 0.000000
vn 0.000000 0.000000 1.000000
usemtl skull_fiend_atlas
f 1253/3745/937 1254/3746/937 1255/3747/937 1256/3748/937
vt 0.000000 0.250000
vt 0.250000 0.250000
vt 0.250000 0.000000
vt 0.000000 0.000000
vn 0.000000 0.000000 -1.000000
f 1250/3749/938 1249/3750/938 1252/3751/938 1251/3752/938
vt 0.000000 0.250000
vt 0.250000 0.250000
vt 0.250000 0.000000
vt 0.000000 0.000000
vn -1.000000 0.000000 0.000000
f 1249/3753/939 1253/3754/939 1256/3755/939 1252/3756/939
vt 0.000000 0.250000
vt 0.250000 0.250000
vt 0.250000 0.000000
vt 0.000000 0.000000
vn 1.000000 0.000000 0.000000
f 1254/3757/940 1250/3758/940 1251/3759/940 1255/3760/940
vt 0.000000 0.250000
vt 0.250000 0.250000
vt 0.250000 0.000000
vt 0.000000 0.000000
vn 0.000000 1.000000 0.000000
f 1256/3761/941 1255/3762/941 1251/3763/941 1252/3764/941
vt 0.000000 0.250000
vt 0.250000 0.250000
vt 0.250000 0.000000
vt 0.000000 0.000000
vn 0.000000 -1.000000 0.000000
f 1249/3765/942 1250/3766/942 1254/3767/942 1253/3768/942
# part: chain_weight_rivet_band_rear
v 0.426250 -0.402500 0.138750
v 0.573750 -0.402500 0.138750
v 0.573750 -0.352500 0.138750
v 0.426250 -0.352500 0.138750
v 0.426250 -0.402500 0.286250
v 0.573750 -0.402500 0.286250
v 0.573750 -0.352500 0.286250
v 0.426250 -0.352500 0.286250
vt 0.500000 0.250000
vt 0.750000 0.250000
vt 0.750000 0.000000
vt 0.500000 0.000000
vn 0.000000 0.000000 1.000000
usemtl skull_fiend_atlas
f 1261/3769/943 1262/3770/943 1263/3771/943 1264/3772/943
vt 0.500000 0.250000
vt 0.750000 0.250000
vt 0.750000 0.000000
vt 0.500000 0.000000
vn 0.000000 0.000000 -1.000000
f 1258/3773/944 1257/3774/944 1260/3775/944 1259/3776/944
vt 0.500000 0.250000
vt 0.750000 0.250000
vt 0.750000 0.000000
vt 0.500000 0.000000
vn -1.000000 0.000000 0.000000
f 1257/3777/945 1261/3778/945 1264/3779/945 1260/3780/945
vt 0.500000 0.250000
vt 0.750000 0.250000
vt 0.750000 0.000000
vt 0.500000 0.000000
vn 1.000000 0.000000 0.000000
f 1262/3781/946 1258/3782/946 1259/3783/946 1263/3784/946
vt 0.500000 0.250000
vt 0.750000 0.250000
vt 0.750000 0.000000
vt 0.500000 0.000000
vn 0.000000 1.000000 0.000000
f 1264/3785/947 1263/3786/947 1259/3787/947 1260/3788/947
vt 0.500000 0.250000
vt 0.750000 0.250000
vt 0.750000 0.000000
vt 0.500000 0.000000
vn 0.000000 -1.000000 0.000000
f 1257/3789/948 1258/3790/948 1262/3791/948 1261/3792/948
# part: crown_beam_front
v 0.218750 0.705000 0.727500
v 0.781250 0.705000 0.727500
v 0.781250 0.777500 0.727500
v 0.218750 0.777500 0.727500
v 0.218750 0.705000 0.762500
v 0.781250 0.705000 0.762500
v 0.781250 0.777500 0.762500
v 0.218750 0.777500 0.762500
vt 0.500000 0.250000
vt 0.750000 0.250000
vt 0.750000 0.000000
vt 0.500000 0.000000
vn 0.000000 0.000000 1.000000
usemtl skull_fiend_atlas
f 1269/3793/949 1270/3794/949 1271/3795/949 1272/3796/949
vt 0.500000 0.250000
vt 0.750000 0.250000
vt 0.750000 0.000000
vt 0.500000 0.000000
vn 0.000000 0.000000 -1.000000
f 1266/3797/950 1265/3798/950 1268/3799/950 1267/3800/950
vt 0.500000 0.250000
vt 0.750000 0.250000
vt 0.750000 0.000000
vt 0.500000 0.000000
vn -1.000000 0.000000 0.000000
f 1265/3801/951 1269/3802/951 1272/3803/951 1268/3804/951
vt 0.500000 0.250000
vt 0.750000 0.250000
vt 0.750000 0.000000
vt 0.500000 0.000000
vn 1.000000 0.000000 0.000000
f 1270/3805/952 1266/3806/952 1267/3807/952 1271/3808/952
vt 0.500000 0.250000
vt 0.750000 0.250000
vt 0.750000 0.000000
vt 0.500000 0.000000
vn 0.000000 1.000000 0.000000
f 1272/3809/953 1271/3810/953 1267/3811/953 1268/3812/953
vt 0.500000 0.250000
vt 0.750000 0.250000
vt 0.750000 0.000000
vt 0.500000 0.000000
vn 0.000000 -1.000000 0.000000
f 1265/3813/954 1266/3814/954 1270/3815/954 1269/3816/954
# part: crown_beam_back
v 0.218750 0.705000 0.231250
v 0.781250 0.705000 0.231250
v 0.781250 0.777500 0.231250
v 0.218750 0.777500 0.231250
v 0.218750 0.705000 0.272500
v 0.781250 0.705000 0.272500
v 0.781250 0.777500 0.272500
v 0.218750 0.777500 0.272500
vt 0.500000 0.250000
vt 0.750000 0.250000
vt 0.750000 0.000000
vt 0.500000 0.000000
vn 0.000000 0.000000 1.000000
usemtl skull_fiend_atlas
f 1277/3817/955 1278/3818/955 1279/3819/955 1280/3820/955
vt 0.500000 0.250000
vt 0.750000 0.250000
vt 0.750000 0.000000
vt 0.500000 0.000000
vn 0.000000 0.000000 -1.000000
f 1274/3821/956 1273/3822/956 1276/3823/956 1275/3824/956
vt 0.500000 0.250000
vt 0.750000 0.250000
vt 0.750000 0.000000
vt 0.500000 0.000000
vn -1.000000 0.000000 0.000000
f 1273/3825/957 1277/3826/957 1280/3827/957 1276/3828/957
vt 0.500000 0.250000
vt 0.750000 0.250000
vt 0.750000 0.000000
vt 0.500000 0.000000
vn 1.000000 0.000000 0.000000
f 1278/3829/958 1274/3830/958 1275/3831/958 1279/3832/958
vt 0.500000 0.250000
vt 0.750000 0.250000
vt 0.750000 0.000000
vt 0.500000 0.000000
vn 0.000000 1.000000 0.000000
f 1280/3833/959 1279/3834/959 1275/3835/959 1276/3836/959
vt 0.500000 0.250000
vt 0.750000 0.250000
vt 0.750000 0.000000
vt 0.500000 0.000000
vn 0.000000 -1.000000 0.000000
f 1273/3837/960 1274/3838/960 1278/3839/960 1277/3840/960
# part: crown_beam_left
v 0.193750 0.705000 0.277500
v 0.237500 0.705000 0.277500
v 0.237500 0.777500 0.277500
v 0.193750 0.777500 0.277500
v 0.193750 0.705000 0.722500
v 0.237500 0.705000 0.722500
v 0.237500 0.777500 0.722500
v 0.193750 0.777500 0.722500
vt 0.500000 0.250000
vt 0.750000 0.250000
vt 0.750000 0.000000
vt 0.500000 0.000000
vn 0.000000 0.000000 1.000000
usemtl skull_fiend_atlas
f 1285/3841/961 1286/3842/961 1287/3843/961 1288/3844/961
vt 0.500000 0.250000
vt 0.750000 0.250000
vt 0.750000 0.000000
vt 0.500000 0.000000
vn 0.000000 0.000000 -1.000000
f 1282/3845/962 1281/3846/962 1284/3847/962 1283/3848/962
vt 0.500000 0.250000
vt 0.750000 0.250000
vt 0.750000 0.000000
vt 0.500000 0.000000
vn -1.000000 0.000000 0.000000
f 1281/3849/963 1285/3850/963 1288/3851/963 1284/3852/963
vt 0.500000 0.250000
vt 0.750000 0.250000
vt 0.750000 0.000000
vt 0.500000 0.000000
vn 1.000000 0.000000 0.000000
f 1286/3853/964 1282/3854/964 1283/3855/964 1287/3856/964
vt 0.500000 0.250000
vt 0.750000 0.250000
vt 0.750000 0.000000
vt 0.500000 0.000000
vn 0.000000 1.000000 0.000000
f 1288/3857/965 1287/3858/965 1283/3859/965 1284/3860/965
vt 0.500000 0.250000
vt 0.750000 0.250000
vt 0.750000 0.000000
vt 0.500000 0.000000
vn 0.000000 -1.000000 0.000000
f 1281/3861/966 1282/3862/966 1286/3863/966 1285/3864/966
# part: crown_beam_right
v 0.762500 0.705000 0.277500
v 0.806250 0.705000 0.277500
v 0.806250 0.777500 0.277500
v 0.762500 0.777500 0.277500
v 0.762500 0.705000 0.722500
v 0.806250 0.705000 0.722500
v 0.806250 0.777500 0.722500
v 0.762500 0.777500 0.722500
vt 0.500000 0.250000
vt 0.750000 0.250000
vt 0.750000 0.000000
vt 0.500000 0.000000
vn 0.000000 0.000000 1.000000
usemtl skull_fiend_atlas
f 1293/3865/967 1294/3866/967 1295/3867/967 1296/3868/967
vt 0.500000 0.250000
vt 0.750000 0.250000
vt 0.750000 0.000000
vt 0.500000 0.000000
vn 0.000000 0.000000 -1.000000
f 1290/3869/968 1289/3870/968 1292/3871/968 1291/3872/968
vt 0.500000 0.250000
vt 0.750000 0.250000
vt 0.750000 0.000000
vt 0.500000 0.000000
vn -1.000000 0.000000 0.000000
f 1289/3873/969 1293/3874/969 1296/3875/969 1292/3876/969
vt 0.500000 0.250000
vt 0.750000 0.250000
vt 0.750000 0.000000
vt 0.500000 0.000000
vn 1.000000 0.000000 0.000000
f 1294/3877/970 1290/3878/970 1291/3879/970 1295/3880/970
vt 0.500000 0.250000
vt 0.750000 0.250000
vt 0.750000 0.000000
vt 0.500000 0.000000
vn 0.000000 1.000000 0.000000
f 1296/3881/971 1295/3882/971 1291/3883/971 1292/3884/971
vt 0.500000 0.250000
vt 0.750000 0.250000
vt 0.750000 0.000000
vt 0.500000 0.000000
vn 0.000000 -1.000000 0.000000
f 1289/3885/972 1290/3886/972 1294/3887/972 1293/3888/972
